idna_subject,checker_type,destination,source,tested_at,session_id
13vlib.com,AVAILABILITY,domains.list,domains.list,2024-02-05 03:23:31.600480,c9ee0baf8766f18b8131600c
3dvdiso.com,AVAILABILITY,domains.list,domains.list,2024-02-05 03:23:32.607080,c9ee0baf8766f18b8131600c
5avlib.com,AVAILABILITY,domains.list,domains.list,2024-02-05 03:23:35.220627,c9ee0baf8766f18b8131600c
adultdvdiso.com,AVAILABILITY,domains.list,domains.list,2024-02-05 03:23:36.284225,c9ee0baf8766f18b8131600c
adultjav.com,AVAILABILITY,domains.list,domains.list,2024-02-05 03:23:48.008107,c9ee0baf8766f18b8131600c
archive-jav.com,AVAILABILITY,domains.list,domains.list,2024-02-05 03:23:48.997360,c9ee0baf8766f18b8131600c
asianjavdownload.blogspot.com,AVAILABILITY,domains.list,domains.list,2024-02-05 03:23:50.010651,c9ee0baf8766f18b8131600c
av-io.blogspot.com,AVAILABILITY,domains.list,domains.list,2024-02-05 03:23:51.063417,c9ee0baf8766f18b8131600c
av2you.link,AVAILABILITY,domains.list,domains.list,2024-02-05 03:23:52.641453,c9ee0baf8766f18b8131600c
avaruaru.com,AVAILABILITY,domains.list,domains.list,2024-02-05 03:23:53.555813,c9ee0baf8766f18b8131600c
avbloghd.com,AVAILABILITY,domains.list,domains.list,2024-02-05 03:23:54.252451,c9ee0baf8766f18b8131600c
avcute.com,AVAILABILITY,domains.list,domains.list,2024-02-05 03:23:55.418446,c9ee0baf8766f18b8131600c
avdvdrar.com,AVAILABILITY,domains.list,domains.list,2024-02-05 03:23:56.482868,c9ee0baf8766f18b8131600c
avlib.info,AVAILABILITY,domains.list,domains.list,2024-02-05 03:23:57.151249,c9ee0baf8766f18b8131600c
avmama.pixnet.net,AVAILABILITY,domains.list,domains.list,2024-02-05 03:23:59.367039,c9ee0baf8766f18b8131600c
avotaku.com,AVAILABILITY,domains.list,domains.list,2024-02-05 03:24:00.185138,c9ee0baf8766f18b8131600c
avpanel.com,AVAILABILITY,domains.list,domains.list,2024-02-05 03:24:11.093033,c9ee0baf8766f18b8131600c
avpapa.com,AVAILABILITY,domains.list,domains.list,2024-02-05 03:24:12.116793,c9ee0baf8766f18b8131600c
avside.com,AVAILABILITY,domains.list,domains.list,2024-02-05 03:24:13.200670,c9ee0baf8766f18b8131600c
avzone.biz,AVAILABILITY,domains.list,domains.list,2024-02-05 03:24:13.870304,c9ee0baf8766f18b8131600c
bdsmsm.com,AVAILABILITY,domains.list,domains.list,2024-02-05 03:24:14.687774,c9ee0baf8766f18b8131600c
bestjav.org,AVAILABILITY,domains.list,domains.list,2024-02-05 03:24:35.366761,c9ee0baf8766f18b8131600c
binrand.com,AVAILABILITY,domains.list,domains.list,2024-02-05 03:24:36.819684,c9ee0baf8766f18b8131600c
dmm48.com,AVAILABILITY,domains.list,domains.list,2024-02-05 03:24:38.597564,c9ee0baf8766f18b8131600c
drumfit.org,AVAILABILITY,domains.list,domains.list,2024-02-05 03:24:39.559475,c9ee0baf8766f18b8131600c
e-r3.com,AVAILABILITY,domains.list,domains.list,2024-02-05 03:24:40.203183,c9ee0baf8766f18b8131600c
erotorrent.info,AVAILABILITY,domains.list,domains.list,2024-02-05 03:24:42.054159,c9ee0baf8766f18b8131600c
fastav.com,AVAILABILITY,domains.list,domains.list,2024-02-05 03:24:53.189527,c9ee0baf8766f18b8131600c
fhd-jav.com,AVAILABILITY,domains.list,domains.list,2024-02-05 03:24:53.867898,c9ee0baf8766f18b8131600c
freeiso4u.blogspot.com,AVAILABILITY,domains.list,domains.list,2024-02-05 03:24:55.168564,c9ee0baf8766f18b8131600c
freeiv.blogspot.com,AVAILABILITY,domains.list,domains.list,2024-02-05 03:24:56.429151,c9ee0baf8766f18b8131600c
freeiv.doorblog.jp,AVAILABILITY,domains.list,domains.list,2024-02-05 03:24:58.244710,c9ee0baf8766f18b8131600c
freeiv.jugem.jp,AVAILABILITY,domains.list,domains.list,2024-02-05 03:24:59.448973,c9ee0baf8766f18b8131600c
freeiv.seesaa.net,AVAILABILITY,domains.list,domains.list,2024-02-05 03:25:00.395290,c9ee0baf8766f18b8131600c
freejapaniso.blogspot.com,AVAILABILITY,domains.list,domains.list,2024-02-05 03:25:01.655438,c9ee0baf8766f18b8131600c
freejav.link,AVAILABILITY,domains.list,domains.list,2024-02-05 03:25:02.654235,c9ee0baf8766f18b8131600c
freesexidols.blogspot.com,AVAILABILITY,domains.list,domains.list,2024-02-05 03:25:03.826968,c9ee0baf8766f18b8131600c
freshjav.net,AVAILABILITY,domains.list,domains.list,2024-02-05 03:25:04.844178,c9ee0baf8766f18b8131600c
fullhdjav.com,AVAILABILITY,domains.list,domains.list,2024-02-05 03:25:06.647637,c9ee0baf8766f18b8131600c
gravureidol4u.com,AVAILABILITY,domains.list,domains.list,2024-02-05 03:25:08.179921,c9ee0baf8766f18b8131600c
gravureidolvideo.com,AVAILABILITY,domains.list,domains.list,2024-02-05 03:25:09.181860,c9ee0baf8766f18b8131600c
hardcorejav.com,AVAILABILITY,domains.list,domains.list,2024-02-05 03:25:10.508577,c9ee0baf8766f18b8131600c
hardjav.com,AVAILABILITY,domains.list,domains.list,2024-02-05 03:25:12.045787,c9ee0baf8766f18b8131600c
hdjav.biz,AVAILABILITY,domains.list,domains.list,2024-02-05 03:25:12.965734,c9ee0baf8766f18b8131600c
hdjav.info,AVAILABILITY,domains.list,domains.list,2024-02-05 03:25:14.654837,c9ee0baf8766f18b8131600c
hdjav.site,AVAILABILITY,domains.list,domains.list,2024-02-05 03:25:15.336055,c9ee0baf8766f18b8131600c
hdjavporn.com,AVAILABILITY,domains.list,domains.list,2024-02-05 03:25:16.857558,c9ee0baf8766f18b8131600c
hentaidz.com,AVAILABILITY,domains.list,domains.list,2024-02-05 03:25:27.801117,c9ee0baf8766f18b8131600c
highav.com,AVAILABILITY,domains.list,domains.list,2024-02-05 03:25:40.136988,c9ee0baf8766f18b8131600c
hiroimono.exblog.jp,AVAILABILITY,domains.list,domains.list,2024-02-05 03:25:41.586914,c9ee0baf8766f18b8131600c
hopic.net,AVAILABILITY,domains.list,domains.list,2024-02-05 03:25:42.462795,c9ee0baf8766f18b8131600c
hot-av.info,AVAILABILITY,domains.list,domains.list,2024-02-05 03:25:43.229267,c9ee0baf8766f18b8131600c
hotavdvd.com,AVAILABILITY,domains.list,domains.list,2024-02-05 03:25:44.193380,c9ee0baf8766f18b8131600c
hotjav.top,AVAILABILITY,domains.list,domains.list,2024-02-05 03:25:47.394652,c9ee0baf8766f18b8131600c
hotjav1.blogspot.com,AVAILABILITY,domains.list,domains.list,2024-02-05 03:25:48.861621,c9ee0baf8766f18b8131600c
idolax.com,AVAILABILITY,domains.list,domains.list,2024-02-05 03:25:50.360704,c9ee0baf8766f18b8131600c
idolbee.com,AVAILABILITY,domains.list,domains.list,2024-02-05 03:25:52.453801,c9ee0baf8766f18b8131600c
idolforfun.com,AVAILABILITY,domains.list,domains.list,2024-02-05 03:25:53.129372,c9ee0baf8766f18b8131600c
idolhot.org,AVAILABILITY,domains.list,domains.list,2024-02-05 03:25:55.393117,c9ee0baf8766f18b8131600c
idoliso.blogspot.com,AVAILABILITY,domains.list,domains.list,2024-02-05 03:25:56.612066,c9ee0baf8766f18b8131600c
innocnt.com,AVAILABILITY,domains.list,domains.list,2024-02-05 03:25:58.041756,c9ee0baf8766f18b8131600c
iso48.com,AVAILABILITY,domains.list,domains.list,2024-02-05 03:26:01.629397,c9ee0baf8766f18b8131600c
j-jav.com,AVAILABILITY,domains.list,domains.list,2024-02-05 03:26:02.622537,c9ee0baf8766f18b8131600c
j12lib.com,AVAILABILITY,domains.list,domains.list,2024-02-05 03:26:04.833294,c9ee0baf8766f18b8131600c
j9lib.com,AVAILABILITY,domains.list,domains.list,2024-02-05 03:26:05.648895,c9ee0baf8766f18b8131600c
jap-gravure.blogspot.com,AVAILABILITY,domains.list,domains.list,2024-02-05 03:26:06.318288,c9ee0baf8766f18b8131600c
japan-video.com,AVAILABILITY,domains.list,domains.list,2024-02-05 03:26:07.162510,c9ee0baf8766f18b8131600c
japan-videos.com,AVAILABILITY,domains.list,domains.list,2024-02-05 03:26:07.852769,c9ee0baf8766f18b8131600c
japaniso4u.blogspot.com,AVAILABILITY,domains.list,domains.list,2024-02-05 03:26:09.314416,c9ee0baf8766f18b8131600c
japaniv.com,AVAILABILITY,domains.list,domains.list,2024-02-05 03:26:09.976959,c9ee0baf8766f18b8131600c
japantv.club,AVAILABILITY,domains.list,domains.list,2024-02-05 03:26:11.480710,c9ee0baf8766f18b8131600c
japdb.club,AVAILABILITY,domains.list,domains.list,2024-02-05 03:26:14.273457,c9ee0baf8766f18b8131600c
jav-1.com,AVAILABILITY,domains.list,domains.list,2024-02-05 03:26:15.120219,c9ee0baf8766f18b8131600c
jav-abc.com,AVAILABILITY,domains.list,domains.list,2024-02-05 03:26:15.882261,c9ee0baf8766f18b8131600c
jav-addict.com,AVAILABILITY,domains.list,domains.list,2024-02-05 03:26:16.689639,c9ee0baf8766f18b8131600c
jav-akiho.com,AVAILABILITY,domains.list,domains.list,2024-02-05 03:26:17.476704,c9ee0baf8766f18b8131600c
jav-av.com,AVAILABILITY,domains.list,domains.list,2024-02-05 03:26:18.744484,c9ee0baf8766f18b8131600c
jav-blog.com,AVAILABILITY,domains.list,domains.list,2024-02-05 03:26:19.908582,c9ee0baf8766f18b8131600c
jav-box.com,AVAILABILITY,domains.list,domains.list,2024-02-05 03:26:20.624800,c9ee0baf8766f18b8131600c
jav-bus.com,AVAILABILITY,domains.list,domains.list,2024-02-05 03:26:21.269516,c9ee0baf8766f18b8131600c
jav-buzz.com,AVAILABILITY,domains.list,domains.list,2024-02-05 03:26:21.949856,c9ee0baf8766f18b8131600c
jav-cafe.com,AVAILABILITY,domains.list,domains.list,2024-02-05 03:26:22.597518,c9ee0baf8766f18b8131600c
jav-depfile.com,AVAILABILITY,domains.list,domains.list,2024-02-05 03:26:23.764874,c9ee0baf8766f18b8131600c
jav-dream.com,AVAILABILITY,domains.list,domains.list,2024-02-05 03:26:24.676507,c9ee0baf8766f18b8131600c
jav-fan.com,AVAILABILITY,domains.list,domains.list,2024-02-05 03:26:25.489191,c9ee0baf8766f18b8131600c
jav-fhd.com,AVAILABILITY,domains.list,domains.list,2024-02-05 03:26:26.308866,c9ee0baf8766f18b8131600c
jav-fhd.net,AVAILABILITY,domains.list,domains.list,2024-02-05 03:26:26.926031,c9ee0baf8766f18b8131600c
jav-films.com,AVAILABILITY,domains.list,domains.list,2024-02-05 03:26:27.649874,c9ee0baf8766f18b8131600c
jav-free.net,AVAILABILITY,domains.list,domains.list,2024-02-05 03:26:28.331946,c9ee0baf8766f18b8131600c
jav-go.com,AVAILABILITY,domains.list,domains.list,2024-02-05 03:26:29.515099,c9ee0baf8766f18b8131600c
jav-group.com,AVAILABILITY,domains.list,domains.list,2024-02-05 03:26:30.123763,c9ee0baf8766f18b8131600c
jav-inc.com,AVAILABILITY,domains.list,domains.list,2024-02-05 03:26:32.563138,c9ee0baf8766f18b8131600c
jav-legend.com,AVAILABILITY,domains.list,domains.list,2024-02-05 03:26:35.205194,c9ee0baf8766f18b8131600c
jav-library.com,AVAILABILITY,domains.list,domains.list,2024-02-05 03:26:35.807614,c9ee0baf8766f18b8131600c
jav-liveshow.com,AVAILABILITY,domains.list,domains.list,2024-02-05 03:26:36.636096,c9ee0baf8766f18b8131600c
jav-load.com,AVAILABILITY,domains.list,domains.list,2024-02-05 03:26:37.241907,c9ee0baf8766f18b8131600c
jav-lover.com,AVAILABILITY,domains.list,domains.list,2024-02-05 03:26:37.840171,c9ee0baf8766f18b8131600c
jav-pink.com,AVAILABILITY,domains.list,domains.list,2024-02-05 03:26:41.571605,c9ee0baf8766f18b8131600c
jav-share.com,AVAILABILITY,domains.list,domains.list,2024-02-05 03:26:44.258629,c9ee0baf8766f18b8131600c
jav-share.info,AVAILABILITY,domains.list,domains.list,2024-02-05 03:26:44.932337,c9ee0baf8766f18b8131600c
jav-site.com,AVAILABILITY,domains.list,domains.list,2024-02-05 03:26:46.081116,c9ee0baf8766f18b8131600c
jav-video.info,AVAILABILITY,domains.list,domains.list,2024-02-05 03:26:48.091625,c9ee0baf8766f18b8131600c
jav-video.org,AVAILABILITY,domains.list,domains.list,2024-02-05 03:26:48.726689,c9ee0baf8766f18b8131600c
jav-web.com,AVAILABILITY,domains.list,domains.list,2024-02-05 03:26:49.351613,c9ee0baf8766f18b8131600c
jav-xyz.com,AVAILABILITY,domains.list,domains.list,2024-02-05 03:26:49.952543,c9ee0baf8766f18b8131600c
jav.center,AVAILABILITY,domains.list,domains.list,2024-02-05 03:26:51.981253,c9ee0baf8766f18b8131600c
jav.re,AVAILABILITY,domains.list,domains.list,2024-02-05 03:26:53.798883,c9ee0baf8766f18b8131600c
jav007.com,AVAILABILITY,domains.list,domains.list,2024-02-05 03:26:55.489800,c9ee0baf8766f18b8131600c
jav11b.com,AVAILABILITY,domains.list,domains.list,2024-02-05 03:26:58.328008,c9ee0baf8766f18b8131600c
jav2.me,AVAILABILITY,domains.list,domains.list,2024-02-05 03:26:59.574153,c9ee0baf8766f18b8131600c
jav2lib.com,AVAILABILITY,domains.list,domains.list,2024-02-05 03:27:00.816830,c9ee0baf8766f18b8131600c
jav4me.club,AVAILABILITY,domains.list,domains.list,2024-02-05 03:27:03.379085,c9ee0baf8766f18b8131600c
jav4share.net,AVAILABILITY,domains.list,domains.list,2024-02-05 03:27:04.485412,c9ee0baf8766f18b8131600c
jav4you.club,AVAILABILITY,domains.list,domains.list,2024-02-05 03:27:06.944542,c9ee0baf8766f18b8131600c
jav4you.online,AVAILABILITY,domains.list,domains.list,2024-02-05 03:27:07.898488,c9ee0baf8766f18b8131600c
jav4you.org,AVAILABILITY,domains.list,domains.list,2024-02-05 03:27:09.881763,c9ee0baf8766f18b8131600c
jav77.com,AVAILABILITY,domains.list,domains.list,2024-02-05 03:27:11.052695,c9ee0baf8766f18b8131600c
javady.com,AVAILABILITY,domains.list,domains.list,2024-02-05 03:27:12.733709,c9ee0baf8766f18b8131600c
javakiba.biz,AVAILABILITY,domains.list,domains.list,2024-02-05 03:27:13.600516,c9ee0baf8766f18b8131600c
javalbum.com,AVAILABILITY,domains.list,domains.list,2024-02-05 03:27:14.328842,c9ee0baf8766f18b8131600c
javarchive.biz,AVAILABILITY,domains.list,domains.list,2024-02-05 03:27:15.145879,c9ee0baf8766f18b8131600c
javarchive.net,AVAILABILITY,domains.list,domains.list,2024-02-05 03:27:17.185863,c9ee0baf8766f18b8131600c
javarchive.site,AVAILABILITY,domains.list,domains.list,2024-02-05 03:27:17.807245,c9ee0baf8766f18b8131600c
javawake.com,AVAILABILITY,domains.list,domains.list,2024-02-05 03:27:18.945148,c9ee0baf8766f18b8131600c
javbaike.com,AVAILABILITY,domains.list,domains.list,2024-02-05 03:27:19.908355,c9ee0baf8766f18b8131600c
javbee.org,AVAILABILITY,domains.list,domains.list,2024-02-05 03:27:21.831900,c9ee0baf8766f18b8131600c
javbest.org,AVAILABILITY,domains.list,domains.list,2024-02-05 03:27:23.434564,c9ee0baf8766f18b8131600c
javbetter.net,AVAILABILITY,domains.list,domains.list,2024-02-05 03:27:24.100952,c9ee0baf8766f18b8131600c
javbit.com,AVAILABILITY,domains.list,domains.list,2024-02-05 03:27:25.061581,c9ee0baf8766f18b8131600c
javblast.com,AVAILABILITY,domains.list,domains.list,2024-02-05 03:27:26.409398,c9ee0baf8766f18b8131600c
javblog.me,AVAILABILITY,domains.list,domains.list,2024-02-05 03:27:27.941708,c9ee0baf8766f18b8131600c
javblog.ws,AVAILABILITY,domains.list,domains.list,2024-02-05 03:27:28.876658,c9ee0baf8766f18b8131600c
javbooks.com,AVAILABILITY,domains.list,domains.list,2024-02-05 03:27:29.889015,c9ee0baf8766f18b8131600c
javbus.com,AVAILABILITY,domains.list,domains.list,2024-02-05 03:27:31.269722,c9ee0baf8766f18b8131600c
javcoffee.com,AVAILABILITY,domains.list,domains.list,2024-02-05 03:27:32.187167,c9ee0baf8766f18b8131600c
javcook.blog.fc2.com,AVAILABILITY,domains.list,domains.list,2024-02-05 03:27:33.543537,c9ee0baf8766f18b8131600c
javdb.club,AVAILABILITY,domains.list,domains.list,2024-02-05 03:27:34.699784,c9ee0baf8766f18b8131600c
javdb.online,AVAILABILITY,domains.list,domains.list,2024-02-05 03:27:37.328753,c9ee0baf8766f18b8131600c
javdb.site,AVAILABILITY,domains.list,domains.list,2024-02-05 03:27:41.655200,c9ee0baf8766f18b8131600c
javdirect.com,AVAILABILITY,domains.list,domains.list,2024-02-05 03:27:43.664728,c9ee0baf8766f18b8131600c
javdown.net,AVAILABILITY,domains.list,domains.list,2024-02-05 03:27:44.634361,c9ee0baf8766f18b8131600c
javdownld.com,AVAILABILITY,domains.list,domains.list,2024-02-05 03:27:45.282953,c9ee0baf8766f18b8131600c
javdownload.blog.fc2.com,AVAILABILITY,domains.list,domains.list,2024-02-05 03:27:46.145453,c9ee0baf8766f18b8131600c
javeal.com,AVAILABILITY,domains.list,domains.list,2024-02-05 03:27:47.641145,c9ee0baf8766f18b8131600c
javeat.com,AVAILABILITY,domains.list,domains.list,2024-02-05 03:27:48.355201,c9ee0baf8766f18b8131600c
javelop.com,AVAILABILITY,domains.list,domains.list,2024-02-05 03:27:49.112564,c9ee0baf8766f18b8131600c
javels.com,AVAILABILITY,domains.list,domains.list,2024-02-05 03:27:51.293852,c9ee0baf8766f18b8131600c
javetc.com,AVAILABILITY,domains.list,domains.list,2024-02-05 03:27:52.286128,c9ee0baf8766f18b8131600c
javeth.com,AVAILABILITY,domains.list,domains.list,2024-02-05 03:27:53.582066,c9ee0baf8766f18b8131600c
javexpert.com,AVAILABILITY,domains.list,domains.list,2024-02-05 03:27:54.243584,c9ee0baf8766f18b8131600c
javfever.com,AVAILABILITY,domains.list,domains.list,2024-02-05 03:27:54.925309,c9ee0baf8766f18b8131600c
javfiles.com,AVAILABILITY,domains.list,domains.list,2024-02-05 03:27:56.415577,c9ee0baf8766f18b8131600c
javfilm.org,AVAILABILITY,domains.list,domains.list,2024-02-05 03:28:08.579179,c9ee0baf8766f18b8131600c
javfilm.tv,AVAILABILITY,domains.list,domains.list,2024-02-05 03:28:09.430373,c9ee0baf8766f18b8131600c
javfilmbox.com,AVAILABILITY,domains.list,domains.list,2024-02-05 03:28:10.110986,c9ee0baf8766f18b8131600c
javforever.com,AVAILABILITY,domains.list,domains.list,2024-02-05 03:28:12.475459,c9ee0baf8766f18b8131600c
javgreat.com,AVAILABILITY,domains.list,domains.list,2024-02-05 03:28:14.220357,c9ee0baf8766f18b8131600c
javhappy.com,AVAILABILITY,domains.list,domains.list,2024-02-05 03:28:14.961757,c9ee0baf8766f18b8131600c
javhard.net,AVAILABILITY,domains.list,domains.list,2024-02-05 03:28:17.411724,c9ee0baf8766f18b8131600c
javhdonline.net,AVAILABILITY,domains.list,domains.list,2024-02-05 03:28:18.433174,c9ee0baf8766f18b8131600c
javhunt.com,AVAILABILITY,domains.list,domains.list,2024-02-05 03:28:19.581159,c9ee0baf8766f18b8131600c
javiev.com,AVAILABILITY,domains.list,domains.list,2024-02-05 03:28:20.352999,c9ee0baf8766f18b8131600c
javiews.com,AVAILABILITY,domains.list,domains.list,2024-02-05 03:28:21.404096,c9ee0baf8766f18b8131600c
javimpact.com,AVAILABILITY,domains.list,domains.list,2024-02-05 03:28:22.097279,c9ee0baf8766f18b8131600c
javjapanese.com,AVAILABILITY,domains.list,domains.list,2024-02-05 03:28:22.732407,c9ee0baf8766f18b8131600c
javjuice.com,AVAILABILITY,domains.list,domains.list,2024-02-05 03:28:23.935988,c9ee0baf8766f18b8131600c
javl10.com,AVAILABILITY,domains.list,domains.list,2024-02-05 03:28:25.286130,c9ee0baf8766f18b8131600c
javlast.com,AVAILABILITY,domains.list,domains.list,2024-02-05 03:28:26.358627,c9ee0baf8766f18b8131600c
javli6.com,AVAILABILITY,domains.list,domains.list,2024-02-05 03:28:28.132243,c9ee0baf8766f18b8131600c
javlib.club,AVAILABILITY,domains.list,domains.list,2024-02-05 03:28:29.238796,c9ee0baf8766f18b8131600c
javlib.xyz,AVAILABILITY,domains.list,domains.list,2024-02-05 03:28:29.889923,c9ee0baf8766f18b8131600c
javlib3.com,AVAILABILITY,domains.list,domains.list,2024-02-05 03:28:31.878365,c9ee0baf8766f18b8131600c
javlibrary.online,AVAILABILITY,domains.list,domains.list,2024-02-05 03:28:32.975127,c9ee0baf8766f18b8131600c
javlibrary.xyz,AVAILABILITY,domains.list,domains.list,2024-02-05 03:28:43.407024,c9ee0baf8766f18b8131600c
javlink.me,AVAILABILITY,domains.list,domains.list,2024-02-05 03:28:44.271107,c9ee0baf8766f18b8131600c
javlink.net,AVAILABILITY,domains.list,domains.list,2024-02-05 03:28:44.935217,c9ee0baf8766f18b8131600c
javlittle.com,AVAILABILITY,domains.list,domains.list,2024-02-05 03:28:45.722222,c9ee0baf8766f18b8131600c
javmax.com,AVAILABILITY,domains.list,domains.list,2024-02-05 03:28:46.874838,c9ee0baf8766f18b8131600c
javmoo.info,AVAILABILITY,domains.list,domains.list,2024-02-05 03:28:49.357432,c9ee0baf8766f18b8131600c
javolts.com,AVAILABILITY,domains.list,domains.list,2024-02-05 03:28:50.000488,c9ee0baf8766f18b8131600c
javord.com,AVAILABILITY,domains.list,domains.list,2024-02-05 03:28:50.633426,c9ee0baf8766f18b8131600c
javort.com,AVAILABILITY,domains.list,domains.list,2024-02-05 03:28:51.910922,c9ee0baf8766f18b8131600c
javpack.com,AVAILABILITY,domains.list,domains.list,2024-02-05 03:28:52.556591,c9ee0baf8766f18b8131600c
javparty.com,AVAILABILITY,domains.list,domains.list,2024-02-05 03:28:53.698248,c9ee0baf8766f18b8131600c
javperfect.com,AVAILABILITY,domains.list,domains.list,2024-02-05 03:29:04.523753,c9ee0baf8766f18b8131600c
javplanet.net,AVAILABILITY,domains.list,domains.list,2024-02-05 03:29:05.613815,c9ee0baf8766f18b8131600c
javpop.org,AVAILABILITY,domains.list,domains.list,2024-02-05 03:29:10.622142,c9ee0baf8766f18b8131600c
javporn.club,AVAILABILITY,domains.list,domains.list,2024-02-05 03:29:21.593113,c9ee0baf8766f18b8131600c
javrapidgator.com,AVAILABILITY,domains.list,domains.list,2024-02-05 03:29:22.613088,c9ee0baf8766f18b8131600c
javresource.com,AVAILABILITY,domains.list,domains.list,2024-02-05 03:29:23.571407,c9ee0baf8766f18b8131600c
javrls.org,AVAILABILITY,domains.list,domains.list,2024-02-05 03:29:24.289477,c9ee0baf8766f18b8131600c
javsex.info,AVAILABILITY,domains.list,domains.list,2024-02-05 03:29:25.976865,c9ee0baf8766f18b8131600c
javsexy.net,AVAILABILITY,domains.list,domains.list,2024-02-05 03:29:33.179806,c9ee0baf8766f18b8131600c
javshock.com,AVAILABILITY,domains.list,domains.list,2024-02-05 03:29:33.965302,c9ee0baf8766f18b8131600c
javspeed.com,AVAILABILITY,domains.list,domains.list,2024-02-05 03:29:35.425417,c9ee0baf8766f18b8131600c
javstar.net,AVAILABILITY,domains.list,domains.list,2024-02-05 03:29:36.364443,c9ee0baf8766f18b8131600c
javstorehd.com,AVAILABILITY,domains.list,domains.list,2024-02-05 03:29:37.123975,c9ee0baf8766f18b8131600c
javsuki2.blogspot.com,AVAILABILITY,domains.list,domains.list,2024-02-05 03:29:38.631082,c9ee0baf8766f18b8131600c
javtag.com,AVAILABILITY,domains.list,domains.list,2024-02-05 03:29:39.638372,c9ee0baf8766f18b8131600c
javtown.com,AVAILABILITY,domains.list,domains.list,2024-02-05 03:29:40.564045,c9ee0baf8766f18b8131600c
javtown.site,AVAILABILITY,domains.list,domains.list,2024-02-05 03:29:41.231825,c9ee0baf8766f18b8131600c
javtv.site,AVAILABILITY,domains.list,domains.list,2024-02-05 03:29:41.861771,c9ee0baf8766f18b8131600c
jcd4share.com,AVAILABILITY,domains.list,domains.list,2024-02-05 03:29:43.075780,c9ee0baf8766f18b8131600c
jdvd4share.com,AVAILABILITY,domains.list,domains.list,2024-02-05 03:29:44.191172,c9ee0baf8766f18b8131600c
joshiav.com,AVAILABILITY,domains.list,domains.list,2024-02-05 03:29:45.182047,c9ee0baf8766f18b8131600c
juicy48.com,AVAILABILITY,domains.list,domains.list,2024-02-05 03:29:46.002897,c9ee0baf8766f18b8131600c
jukoav.info,AVAILABILITY,domains.list,domains.list,2024-02-05 03:29:46.687660,c9ee0baf8766f18b8131600c
lexie.thumblogger.com,AVAILABILITY,domains.list,domains.list,2024-02-05 03:29:49.063859,c9ee0baf8766f18b8131600c
lolihole.blogspot.com,AVAILABILITY,domains.list,domains.list,2024-02-05 03:29:50.563420,c9ee0baf8766f18b8131600c
look4lib.com,AVAILABILITY,domains.list,domains.list,2024-02-05 03:29:51.590809,c9ee0baf8766f18b8131600c
manga-raw-strage.blogspot.com,AVAILABILITY,domains.list,domains.list,2024-02-05 03:29:52.493348,c9ee0baf8766f18b8131600c
mangaanimenet.doorblog.jp,AVAILABILITY,domains.list,domains.list,2024-02-05 03:29:53.615560,c9ee0baf8766f18b8131600c
masdarcity.net,AVAILABILITY,domains.list,domains.list,2024-02-05 03:29:54.338212,c9ee0baf8766f18b8131600c
movie18sexy.blogspot.com,AVAILABILITY,domains.list,domains.list,2024-02-05 03:29:56.416839,c9ee0baf8766f18b8131600c
myjavlib.com,AVAILABILITY,domains.list,domains.list,2024-02-05 03:29:57.289592,c9ee0baf8766f18b8131600c
netjav.com,AVAILABILITY,domains.list,domains.list,2024-02-05 03:29:58.571848,c9ee0baf8766f18b8131600c
newdvdiso.blogspot.com,AVAILABILITY,domains.list,domains.list,2024-02-05 03:30:00.087014,c9ee0baf8766f18b8131600c
newsjav.com,AVAILABILITY,domains.list,domains.list,2024-02-05 03:30:00.985148,c9ee0baf8766f18b8131600c
nippondvd.com,AVAILABILITY,domains.list,domains.list,2024-02-05 03:30:02.291280,c9ee0baf8766f18b8131600c
nipponjav.blogspot.com,AVAILABILITY,domains.list,domains.list,2024-02-05 03:30:03.400699,c9ee0baf8766f18b8131600c
oldpig610346.com,AVAILABILITY,domains.list,domains.list,2024-02-05 03:30:05.037944,c9ee0baf8766f18b8131600c
oo2go.org,AVAILABILITY,domains.list,domains.list,2024-02-05 03:30:05.958859,c9ee0baf8766f18b8131600c
pdf4share.net,AVAILABILITY,domains.list,domains.list,2024-02-05 03:30:09.819437,c9ee0baf8766f18b8131600c
porno-jav.blogspot.com,AVAILABILITY,domains.list,domains.list,2024-02-05 03:30:10.676960,c9ee0baf8766f18b8131600c
rar-az.blogspot.com,AVAILABILITY,domains.list,domains.list,2024-02-05 03:30:11.532686,c9ee0baf8766f18b8131600c
rarejav.com,AVAILABILITY,domains.list,domains.list,2024-02-05 03:30:12.587428,c9ee0baf8766f18b8131600c
redstars.top,AVAILABILITY,domains.list,domains.list,2024-02-05 03:30:17.813923,c9ee0baf8766f18b8131600c
sexyjapaneseav.com,AVAILABILITY,domains.list,domains.list,2024-02-05 03:30:18.572110,c9ee0baf8766f18b8131600c
showmejav.com,AVAILABILITY,domains.list,domains.list,2024-02-05 03:30:19.240246,c9ee0baf8766f18b8131600c
teendvdiso.com,AVAILABILITY,domains.list,domains.list,2024-02-05 03:30:20.287266,c9ee0baf8766f18b8131600c
topjav.site,AVAILABILITY,domains.list,domains.list,2024-02-05 03:30:21.337049,c9ee0baf8766f18b8131600c
tour2jav.info,AVAILABILITY,domains.list,domains.list,2024-02-05 03:30:22.146136,c9ee0baf8766f18b8131600c
u15idol.com,AVAILABILITY,domains.list,domains.list,2024-02-05 03:30:23.197811,c9ee0baf8766f18b8131600c
uncensoredav.com,AVAILABILITY,domains.list,domains.list,2024-02-05 03:30:24.447892,c9ee0baf8766f18b8131600c
uujav.com,AVAILABILITY,domains.list,domains.list,2024-02-05 03:30:25.511809,c9ee0baf8766f18b8131600c
verydl.com,AVAILABILITY,domains.list,domains.list,2024-02-05 03:30:26.460503,c9ee0baf8766f18b8131600c
watch-av.com,AVAILABILITY,domains.list,domains.list,2024-02-05 03:30:27.199967,c9ee0baf8766f18b8131600c
watch-jav.com,AVAILABILITY,domains.list,domains.list,2024-02-05 03:30:27.863979,c9ee0baf8766f18b8131600c
worldjav.net,AVAILABILITY,domains.list,domains.list,2024-02-05 03:30:29.847529,c9ee0baf8766f18b8131600c
wpanda.net,AVAILABILITY,domains.list,domains.list,2024-02-05 03:30:30.599233,c9ee0baf8766f18b8131600c
wwjav.com,AVAILABILITY,domains.list,domains.list,2024-02-05 03:30:31.351047,c9ee0baf8766f18b8131600c
www.13vlib.com,AVAILABILITY,domains.list,domains.list,2024-02-05 03:30:33.177669,c9ee0baf8766f18b8131600c
www.3dvdiso.com,AVAILABILITY,domains.list,domains.list,2024-02-05 03:30:34.301812,c9ee0baf8766f18b8131600c
www.5avlib.com,AVAILABILITY,domains.list,domains.list,2024-02-05 03:30:36.549194,c9ee0baf8766f18b8131600c
www.adultdvdiso.com,AVAILABILITY,domains.list,domains.list,2024-02-05 03:30:37.694868,c9ee0baf8766f18b8131600c
www.av-io.blogspot.com,AVAILABILITY,domains.list,domains.list,2024-02-05 03:30:39.672398,c9ee0baf8766f18b8131600c
www.av2you.link,AVAILABILITY,domains.list,domains.list,2024-02-05 03:30:41.623704,c9ee0baf8766f18b8131600c
www.avaruaru.com,AVAILABILITY,domains.list,domains.list,2024-02-05 03:30:42.561867,c9ee0baf8766f18b8131600c
www.avcute.com,AVAILABILITY,domains.list,domains.list,2024-02-05 03:30:43.898048,c9ee0baf8766f18b8131600c
www.avdvdrar.com,AVAILABILITY,domains.list,domains.list,2024-02-05 03:30:46.178821,c9ee0baf8766f18b8131600c
www.avotaku.com,AVAILABILITY,domains.list,domains.list,2024-02-05 03:30:47.258205,c9ee0baf8766f18b8131600c
www.avpanel.com,AVAILABILITY,domains.list,domains.list,2024-02-05 03:31:08.181077,c9ee0baf8766f18b8131600c
www.avpapa.com,AVAILABILITY,domains.list,domains.list,2024-02-05 03:31:10.499835,c9ee0baf8766f18b8131600c
www.avside.com,AVAILABILITY,domains.list,domains.list,2024-02-05 03:31:11.721532,c9ee0baf8766f18b8131600c
www.bdsmsm.com,AVAILABILITY,domains.list,domains.list,2024-02-05 03:31:12.738240,c9ee0baf8766f18b8131600c
www.binrand.com,AVAILABILITY,domains.list,domains.list,2024-02-05 03:31:14.267779,c9ee0baf8766f18b8131600c
www.dmm48.com,AVAILABILITY,domains.list,domains.list,2024-02-05 03:31:15.874647,c9ee0baf8766f18b8131600c
www.erotorrent.info,AVAILABILITY,domains.list,domains.list,2024-02-05 03:31:17.668786,c9ee0baf8766f18b8131600c
www.fastav.com,AVAILABILITY,domains.list,domains.list,2024-02-05 03:31:39.951284,c9ee0baf8766f18b8131600c
www.fullhdjav.com,AVAILABILITY,domains.list,domains.list,2024-02-05 03:31:42.231831,c9ee0baf8766f18b8131600c
www.gravureidolvideo.com,AVAILABILITY,domains.list,domains.list,2024-02-05 03:31:43.596690,c9ee0baf8766f18b8131600c
www.hardcorejav.com,AVAILABILITY,domains.list,domains.list,2024-02-05 03:31:44.922478,c9ee0baf8766f18b8131600c
www.hdjav.info,AVAILABILITY,domains.list,domains.list,2024-02-05 03:31:46.224479,c9ee0baf8766f18b8131600c
www.highav.com,AVAILABILITY,domains.list,domains.list,2024-02-05 03:32:09.176493,c9ee0baf8766f18b8131600c
www.hopic.net,AVAILABILITY,domains.list,domains.list,2024-02-05 03:32:10.270308,c9ee0baf8766f18b8131600c
www.hotavdvd.com,AVAILABILITY,domains.list,domains.list,2024-02-05 03:32:11.536447,c9ee0baf8766f18b8131600c
www.idolax.com,AVAILABILITY,domains.list,domains.list,2024-02-05 03:32:13.253025,c9ee0baf8766f18b8131600c
www.innocnt.com,AVAILABILITY,domains.list,domains.list,2024-02-05 03:32:14.911601,c9ee0baf8766f18b8131600c
www.iso48.com,AVAILABILITY,domains.list,domains.list,2024-02-05 03:32:16.301044,c9ee0baf8766f18b8131600c
www.j9lib.com,AVAILABILITY,domains.list,domains.list,2024-02-05 03:32:17.716066,c9ee0baf8766f18b8131600c
www.japantv.club,AVAILABILITY,domains.list,domains.list,2024-02-05 03:32:20.856720,c9ee0baf8766f18b8131600c
www.japdb.club,AVAILABILITY,domains.list,domains.list,2024-02-05 03:32:22.943428,c9ee0baf8766f18b8131600c
www.jav-abc.com,AVAILABILITY,domains.list,domains.list,2024-02-05 03:32:25.697344,c9ee0baf8766f18b8131600c
www.jav-blog.com,AVAILABILITY,domains.list,domains.list,2024-02-05 03:32:28.137249,c9ee0baf8766f18b8131600c
www.jav-bus.com,AVAILABILITY,domains.list,domains.list,2024-02-05 03:32:29.430146,c9ee0baf8766f18b8131600c
www.jav-cafe.com,AVAILABILITY,domains.list,domains.list,2024-02-05 03:32:30.415106,c9ee0baf8766f18b8131600c
www.jav-films.com,AVAILABILITY,domains.list,domains.list,2024-02-05 03:32:34.198568,c9ee0baf8766f18b8131600c
www.jav-go.com,AVAILABILITY,domains.list,domains.list,2024-02-05 03:32:36.744664,c9ee0baf8766f18b8131600c
www.jav-group.com,AVAILABILITY,domains.list,domains.list,2024-02-05 03:32:38.280550,c9ee0baf8766f18b8131600c
www.jav-library.com,AVAILABILITY,domains.list,domains.list,2024-02-05 03:32:43.360816,c9ee0baf8766f18b8131600c
www.jav-lover.com,AVAILABILITY,domains.list,domains.list,2024-02-05 03:32:44.799916,c9ee0baf8766f18b8131600c
www.jav-share.com,AVAILABILITY,domains.list,domains.list,2024-02-05 03:32:51.692799,c9ee0baf8766f18b8131600c
www.jav-video.org,AVAILABILITY,domains.list,domains.list,2024-02-05 03:32:54.766279,c9ee0baf8766f18b8131600c
www.jav-xyz.com,AVAILABILITY,domains.list,domains.list,2024-02-05 03:32:55.733162,c9ee0baf8766f18b8131600c
www.jav.center,AVAILABILITY,domains.list,domains.list,2024-02-05 03:32:57.856685,c9ee0baf8766f18b8131600c
www.jav.re,AVAILABILITY,domains.list,domains.list,2024-02-05 03:32:59.865389,c9ee0baf8766f18b8131600c
www.jav2lib.com,AVAILABILITY,domains.list,domains.list,2024-02-05 03:33:16.386892,c9ee0baf8766f18b8131600c
www.jav77.com,AVAILABILITY,domains.list,domains.list,2024-02-05 03:33:18.606438,c9ee0baf8766f18b8131600c
www.javady.com,AVAILABILITY,domains.list,domains.list,2024-02-05 03:33:19.985431,c9ee0baf8766f18b8131600c
www.javarchive.net,AVAILABILITY,domains.list,domains.list,2024-02-05 03:33:21.930256,c9ee0baf8766f18b8131600c
www.javarchive.site,AVAILABILITY,domains.list,domains.list,2024-02-05 03:33:22.576386,c9ee0baf8766f18b8131600c
www.javawake.com,AVAILABILITY,domains.list,domains.list,2024-02-05 03:33:23.831141,c9ee0baf8766f18b8131600c
www.javbaike.com,AVAILABILITY,domains.list,domains.list,2024-02-05 03:33:24.568504,c9ee0baf8766f18b8131600c
www.javbee.org,AVAILABILITY,domains.list,domains.list,2024-02-05 03:33:26.805552,c9ee0baf8766f18b8131600c
www.javbest.org,AVAILABILITY,domains.list,domains.list,2024-02-05 03:33:27.884576,c9ee0baf8766f18b8131600c
www.javbit.com,AVAILABILITY,domains.list,domains.list,2024-02-05 03:33:29.032802,c9ee0baf8766f18b8131600c
www.javblast.com,AVAILABILITY,domains.list,domains.list,2024-02-05 03:33:30.203845,c9ee0baf8766f18b8131600c
www.javblog.me,AVAILABILITY,domains.list,domains.list,2024-02-05 03:33:31.748061,c9ee0baf8766f18b8131600c
www.javblog.ws,AVAILABILITY,domains.list,domains.list,2024-02-05 03:33:32.687026,c9ee0baf8766f18b8131600c
www.javbooks.com,AVAILABILITY,domains.list,domains.list,2024-02-05 03:33:33.707146,c9ee0baf8766f18b8131600c
www.javbus.com,AVAILABILITY,domains.list,domains.list,2024-02-05 03:33:35.099133,c9ee0baf8766f18b8131600c
www.javdb.club,AVAILABILITY,domains.list,domains.list,2024-02-05 03:33:36.653867,c9ee0baf8766f18b8131600c
www.javdb.site,AVAILABILITY,domains.list,domains.list,2024-02-05 03:33:41.769931,c9ee0baf8766f18b8131600c
www.javeal.com,AVAILABILITY,domains.list,domains.list,2024-02-05 03:33:51.717931,c9ee0baf8766f18b8131600c
www.javetc.com,AVAILABILITY,domains.list,domains.list,2024-02-05 03:33:53.212941,c9ee0baf8766f18b8131600c
www.javfiles.com,AVAILABILITY,domains.list,domains.list,2024-02-05 03:33:55.145358,c9ee0baf8766f18b8131600c
www.javhappy.com,AVAILABILITY,domains.list,domains.list,2024-02-05 03:33:56.931867,c9ee0baf8766f18b8131600c
www.javhdonline.net,AVAILABILITY,domains.list,domains.list,2024-02-05 03:34:03.867049,c9ee0baf8766f18b8131600c
www.javhunt.com,AVAILABILITY,domains.list,domains.list,2024-02-05 03:34:05.207854,c9ee0baf8766f18b8131600c
www.javjuice.com,AVAILABILITY,domains.list,domains.list,2024-02-05 03:34:07.064128,c9ee0baf8766f18b8131600c
www.javl10.com,AVAILABILITY,domains.list,domains.list,2024-02-05 03:34:08.511042,c9ee0baf8766f18b8131600c
www.javli6.com,AVAILABILITY,domains.list,domains.list,2024-02-05 03:34:10.409707,c9ee0baf8766f18b8131600c
www.javlibrary.online,AVAILABILITY,domains.list,domains.list,2024-02-05 03:34:12.046074,c9ee0baf8766f18b8131600c
www.javmax.com,AVAILABILITY,domains.list,domains.list,2024-02-05 03:34:13.847434,c9ee0baf8766f18b8131600c
www.javmoo.info,AVAILABILITY,domains.list,domains.list,2024-02-05 03:34:15.564204,c9ee0baf8766f18b8131600c
www.javperfect.com,AVAILABILITY,domains.list,domains.list,2024-02-05 03:34:38.478247,c9ee0baf8766f18b8131600c
www.javrapidgator.com,AVAILABILITY,domains.list,domains.list,2024-02-05 03:34:40.382709,c9ee0baf8766f18b8131600c
www.javspeed.com,AVAILABILITY,domains.list,domains.list,2024-02-05 03:34:43.134891,c9ee0baf8766f18b8131600c
www.javstar.net,AVAILABILITY,domains.list,domains.list,2024-02-05 03:34:44.148173,c9ee0baf8766f18b8131600c
www.javtag.com,AVAILABILITY,domains.list,domains.list,2024-02-05 03:34:45.508454,c9ee0baf8766f18b8131600c
www.javtv.site,AVAILABILITY,domains.list,domains.list,2024-02-05 03:34:46.717303,c9ee0baf8766f18b8131600c
www.jcd4share.com,AVAILABILITY,domains.list,domains.list,2024-02-05 03:34:48.155039,c9ee0baf8766f18b8131600c
www.jdvd4share.com,AVAILABILITY,domains.list,domains.list,2024-02-05 03:35:04.277217,c9ee0baf8766f18b8131600c
www.joshiav.com,AVAILABILITY,domains.list,domains.list,2024-02-05 03:35:05.567069,c9ee0baf8766f18b8131600c
www.juicy48.com,AVAILABILITY,domains.list,domains.list,2024-02-05 03:35:06.705098,c9ee0baf8766f18b8131600c
www.look4lib.com,AVAILABILITY,domains.list,domains.list,2024-02-05 03:35:18.195187,c9ee0baf8766f18b8131600c
www.nippondvd.com,AVAILABILITY,domains.list,domains.list,2024-02-05 03:35:21.337602,c9ee0baf8766f18b8131600c
www.oldpig610346.com,AVAILABILITY,domains.list,domains.list,2024-02-05 03:35:22.193236,c9ee0baf8766f18b8131600c
www.pdf4share.net,AVAILABILITY,domains.list,domains.list,2024-02-05 03:35:27.855172,c9ee0baf8766f18b8131600c
www.porno-jav.blogspot.com,AVAILABILITY,domains.list,domains.list,2024-02-05 03:35:29.087522,c9ee0baf8766f18b8131600c
www.rar-az.blogspot.com,AVAILABILITY,domains.list,domains.list,2024-02-05 03:35:30.208896,c9ee0baf8766f18b8131600c
www.rarejav.com,AVAILABILITY,domains.list,domains.list,2024-02-05 03:35:31.319918,c9ee0baf8766f18b8131600c
www.redstars.top,AVAILABILITY,domains.list,domains.list,2024-02-05 03:35:32.971806,c9ee0baf8766f18b8131600c
www.teendvdiso.com,AVAILABILITY,domains.list,domains.list,2024-02-05 03:35:34.432784,c9ee0baf8766f18b8131600c
www.u15idol.com,AVAILABILITY,domains.list,domains.list,2024-02-05 03:35:35.856409,c9ee0baf8766f18b8131600c
www.uncensoredav.com,AVAILABILITY,domains.list,domains.list,2024-02-05 03:35:36.940074,c9ee0baf8766f18b8131600c
www.uujav.com,AVAILABILITY,domains.list,domains.list,2024-02-05 03:35:38.080636,c9ee0baf8766f18b8131600c
www.verydl.com,AVAILABILITY,domains.list,domains.list,2024-02-05 03:35:39.059167,c9ee0baf8766f18b8131600c
www.worldjav.net,AVAILABILITY,domains.list,domains.list,2024-02-05 03:35:41.871581,c9ee0baf8766f18b8131600c
yourjav.site,AVAILABILITY,domains.list,domains.list,2024-02-05 03:35:43.090486,c9ee0baf8766f18b8131600c
yourjav.xyz,AVAILABILITY,domains.list,domains.list,2024-02-05 03:35:43.809510,c9ee0baf8766f18b8131600c
www.javdirect.com,AVAILABILITY,domains.list,domains.list,2024-02-05 03:35:46.069374,c9ee0baf8766f18b8131600c
www.javakiba.biz,AVAILABILITY,domains.list,domains.list,2024-02-05 03:35:46.891321,c9ee0baf8766f18b8131600c
www.adultjav.com,AVAILABILITY,domains.list,domains.list,2024-02-05 03:35:51.257608,c9ee0baf8766f18b8131600c
www.javld.xyz,AVAILABILITY,domains.list,domains.list,2024-02-05 03:35:52.023045,c9ee0baf8766f18b8131600c
www.jav-link.com,AVAILABILITY,domains.list,domains.list,2024-02-05 03:35:52.760536,c9ee0baf8766f18b8131600c
www.javlink.biz,AVAILABILITY,domains.list,domains.list,2024-02-05 03:35:53.539735,c9ee0baf8766f18b8131600c
www.javlibraries.xyz,AVAILABILITY,domains.list,domains.list,2024-02-05 03:35:54.347962,c9ee0baf8766f18b8131600c
lrblog15.blogspot.jp,AVAILABILITY,domains.list,domains.list,2024-02-05 03:35:55.447532,c9ee0baf8766f18b8131600c
www.lrblog15.blogspot.jp,AVAILABILITY,domains.list,domains.list,2024-02-05 03:35:56.580167,c9ee0baf8766f18b8131600c
www.japaneseidolvideo.blogspot.com,AVAILABILITY,domains.list,domains.list,2024-02-05 03:35:57.828026,c9ee0baf8766f18b8131600c
javrar.gq,AVAILABILITY,domains.list,domains.list,2024-02-05 03:35:58.885355,c9ee0baf8766f18b8131600c
javsmack.ga,AVAILABILITY,domains.list,domains.list,2024-02-05 03:35:59.712839,c9ee0baf8766f18b8131600c
www.javrar.gq,AVAILABILITY,domains.list,domains.list,2024-02-05 03:36:00.891719,c9ee0baf8766f18b8131600c
www.javsmack.ga,AVAILABILITY,domains.list,domains.list,2024-02-05 03:36:02.184733,c9ee0baf8766f18b8131600c
www.jav-load.com,AVAILABILITY,domains.list,domains.list,2024-02-05 03:36:04.744028,c9ee0baf8766f18b8131600c
www.javshock.com,AVAILABILITY,domains.list,domains.list,2024-02-05 03:36:07.146250,c9ee0baf8766f18b8131600c
www.jav-links.com,AVAILABILITY,domains.list,domains.list,2024-02-05 03:36:07.967198,c9ee0baf8766f18b8131600c
www.javlink.org,AVAILABILITY,domains.list,domains.list,2024-02-05 03:36:10.561045,c9ee0baf8766f18b8131600c
www.jav-ltd.com,AVAILABILITY,domains.list,domains.list,2024-02-05 03:36:11.317146,c9ee0baf8766f18b8131600c
javgate.blogspot.com,AVAILABILITY,domains.list,domains.list,2024-02-05 03:36:12.284069,c9ee0baf8766f18b8131600c
avdvdrar.blogspot.com,AVAILABILITY,domains.list,domains.list,2024-02-05 03:36:13.222765,c9ee0baf8766f18b8131600c
www.javresource.com,AVAILABILITY,domains.list,domains.list,2024-02-05 03:36:14.026691,c9ee0baf8766f18b8131600c
www.dlhentaigame.blogspot.jp,AVAILABILITY,domains.list,domains.list,2024-02-05 03:36:15.261973,c9ee0baf8766f18b8131600c
www.masdarcity.net,AVAILABILITY,domains.list,domains.list,2024-02-05 03:36:15.997439,c9ee0baf8766f18b8131600c
www.jav-madoka.com,AVAILABILITY,domains.list,domains.list,2024-02-05 03:36:18.716611,c9ee0baf8766f18b8131600c
www.jav-maria.com,AVAILABILITY,domains.list,domains.list,2024-02-05 03:36:19.488977,c9ee0baf8766f18b8131600c
www.javmasshd.com,AVAILABILITY,domains.list,domains.list,2024-02-05 03:36:20.289621,c9ee0baf8766f18b8131600c
www.jav-makoto.com,AVAILABILITY,domains.list,domains.list,2024-02-05 03:36:21.066907,c9ee0baf8766f18b8131600c
www.jav-matsuda.com,AVAILABILITY,domains.list,domains.list,2024-02-05 03:36:21.874011,c9ee0baf8766f18b8131600c
www.jav-mayu.com,AVAILABILITY,domains.list,domains.list,2024-02-05 03:36:24.361883,c9ee0baf8766f18b8131600c
www.jav-matsushima.com,AVAILABILITY,domains.list,domains.list,2024-02-05 03:36:25.127862,c9ee0baf8766f18b8131600c
www.jav-mass.com,AVAILABILITY,domains.list,domains.list,2024-02-05 03:36:25.897723,c9ee0baf8766f18b8131600c
www.jav-mie.com,AVAILABILITY,domains.list,domains.list,2024-02-05 03:36:26.736696,c9ee0baf8766f18b8131600c
www.jav-miku.com,AVAILABILITY,domains.list,domains.list,2024-02-05 03:36:27.521959,c9ee0baf8766f18b8131600c
www.jav-miho.com,AVAILABILITY,domains.list,domains.list,2024-02-05 03:36:28.314963,c9ee0baf8766f18b8131600c
www.jav-minami.com,AVAILABILITY,domains.list,domains.list,2024-02-05 03:36:29.068639,c9ee0baf8766f18b8131600c
www.jav-miyagi.com,AVAILABILITY,domains.list,domains.list,2024-02-05 03:36:29.868604,c9ee0baf8766f18b8131600c
www.jav-miyazaki.com,AVAILABILITY,domains.list,domains.list,2024-02-05 03:36:30.617434,c9ee0baf8766f18b8131600c
www.jav4me.club,AVAILABILITY,domains.list,domains.list,2024-02-05 03:36:31.654046,c9ee0baf8766f18b8131600c
www.hdjav.site,AVAILABILITY,domains.list,domains.list,2024-02-05 03:36:32.483561,c9ee0baf8766f18b8131600c
www.jav-momoka.com,AVAILABILITY,domains.list,domains.list,2024-02-05 03:36:33.238030,c9ee0baf8766f18b8131600c
www.jav-muramura.com,AVAILABILITY,domains.list,domains.list,2024-02-05 03:36:34.061352,c9ee0baf8766f18b8131600c
www.jav-nana.com,AVAILABILITY,domains.list,domains.list,2024-02-05 03:36:34.822751,c9ee0baf8766f18b8131600c
www.jav-nara.com,AVAILABILITY,domains.list,domains.list,2024-02-05 03:36:35.655461,c9ee0baf8766f18b8131600c
www.jav-nagano.com,AVAILABILITY,domains.list,domains.list,2024-02-05 03:36:36.420772,c9ee0baf8766f18b8131600c
www.jav-new.org,AVAILABILITY,domains.list,domains.list,2024-02-05 03:36:37.281719,c9ee0baf8766f18b8131600c
www.jav-natsu.com,AVAILABILITY,domains.list,domains.list,2024-02-05 03:36:38.020735,c9ee0baf8766f18b8131600c
www.jav-niigata.com,AVAILABILITY,domains.list,domains.list,2024-02-05 03:36:38.833699,c9ee0baf8766f18b8131600c
www.jav-okayama.com,AVAILABILITY,domains.list,domains.list,2024-02-05 03:36:39.665286,c9ee0baf8766f18b8131600c
www.jav-nishino.com,AVAILABILITY,domains.list,domains.list,2024-02-05 03:36:40.435980,c9ee0baf8766f18b8131600c
www.jav-nishizaki.com,AVAILABILITY,domains.list,domains.list,2024-02-05 03:36:41.224167,c9ee0baf8766f18b8131600c
www.javolts.com,AVAILABILITY,domains.list,domains.list,2024-02-05 03:36:41.952516,c9ee0baf8766f18b8131600c
www.jav-on.com,AVAILABILITY,domains.list,domains.list,2024-02-05 03:36:42.723558,c9ee0baf8766f18b8131600c
www.jav-osaka.com,AVAILABILITY,domains.list,domains.list,2024-02-05 03:36:43.522190,c9ee0baf8766f18b8131600c
www.jav-pack.com,AVAILABILITY,domains.list,domains.list,2024-02-05 03:36:44.302289,c9ee0baf8766f18b8131600c
www.jav-palace.com,AVAILABILITY,domains.list,domains.list,2024-02-05 03:36:45.101605,c9ee0baf8766f18b8131600c
www.javpalace.net,AVAILABILITY,domains.list,domains.list,2024-02-05 03:36:45.916112,c9ee0baf8766f18b8131600c
www.javbetter.net,AVAILABILITY,domains.list,domains.list,2024-02-05 03:36:46.726200,c9ee0baf8766f18b8131600c
www.javelop.com,AVAILABILITY,domains.list,domains.list,2024-02-05 03:36:47.538851,c9ee0baf8766f18b8131600c
www.javlibrary.xyz,AVAILABILITY,domains.list,domains.list,2024-02-05 03:36:52.059790,c9ee0baf8766f18b8131600c
www.javord.com,AVAILABILITY,domains.list,domains.list,2024-02-05 03:36:52.934498,c9ee0baf8766f18b8131600c
www.jav-pink.com,AVAILABILITY,domains.list,domains.list,2024-02-05 03:36:53.724494,c9ee0baf8766f18b8131600c
www.javpalace.com,AVAILABILITY,domains.list,domains.list,2024-02-05 03:36:54.657203,c9ee0baf8766f18b8131600c
www.jav-passion.com,AVAILABILITY,domains.list,domains.list,2024-02-05 03:36:55.491608,c9ee0baf8766f18b8131600c
www.jav-parade.com,AVAILABILITY,domains.list,domains.list,2024-02-05 03:36:56.316486,c9ee0baf8766f18b8131600c
www.jav-place.com,AVAILABILITY,domains.list,domains.list,2024-02-05 03:36:57.143736,c9ee0baf8766f18b8131600c
www.javpiece.com,AVAILABILITY,domains.list,domains.list,2024-02-05 03:36:57.942812,c9ee0baf8766f18b8131600c
www.javpophd.com,AVAILABILITY,domains.list,domains.list,2024-02-05 03:36:58.726017,c9ee0baf8766f18b8131600c
www.javpop-hd.com,AVAILABILITY,domains.list,domains.list,2024-02-05 03:36:59.539393,c9ee0baf8766f18b8131600c
www.javpop.ovh,AVAILABILITY,domains.list,domains.list,2024-02-05 03:37:00.744964,c9ee0baf8766f18b8131600c
www.javpopmore.com,AVAILABILITY,domains.list,domains.list,2024-02-05 03:37:01.573021,c9ee0baf8766f18b8131600c
www.javportal.site,AVAILABILITY,domains.list,domains.list,2024-02-05 03:37:02.688195,c9ee0baf8766f18b8131600c
www.jav-rar.com,AVAILABILITY,domains.list,domains.list,2024-02-05 03:37:03.562319,c9ee0baf8766f18b8131600c
www.jav-rape.com,AVAILABILITY,domains.list,domains.list,2024-02-05 03:37:04.371033,c9ee0baf8766f18b8131600c
www.javrar.org,AVAILABILITY,domains.list,domains.list,2024-02-05 03:37:05.201086,c9ee0baf8766f18b8131600c
www.jav-ready.com,AVAILABILITY,domains.list,domains.list,2024-02-05 03:37:05.978153,c9ee0baf8766f18b8131600c
www.jav-public.com,AVAILABILITY,domains.list,domains.list,2024-02-05 03:37:06.824032,c9ee0baf8766f18b8131600c
www.jav-resource.com,AVAILABILITY,domains.list,domains.list,2024-02-05 03:37:07.637487,c9ee0baf8766f18b8131600c
www.jav-release.com,AVAILABILITY,domains.list,domains.list,2024-02-05 03:37:08.402813,c9ee0baf8766f18b8131600c
www.jav-rena.com,AVAILABILITY,domains.list,domains.list,2024-02-05 03:37:09.421793,c9ee0baf8766f18b8131600c
www.jav-risa.com,AVAILABILITY,domains.list,domains.list,2024-02-05 03:37:10.207240,c9ee0baf8766f18b8131600c
www.jav-rina.com,AVAILABILITY,domains.list,domains.list,2024-02-05 03:37:10.966217,c9ee0baf8766f18b8131600c
www.jav-rio.com,AVAILABILITY,domains.list,domains.list,2024-02-05 03:37:11.825178,c9ee0baf8766f18b8131600c
www.javrush.org,AVAILABILITY,domains.list,domains.list,2024-02-05 03:37:12.705737,c9ee0baf8766f18b8131600c
www.jav-rola.com,AVAILABILITY,domains.list,domains.list,2024-02-05 03:37:13.595916,c9ee0baf8766f18b8131600c
www.jav-saitama.com,AVAILABILITY,domains.list,domains.list,2024-02-05 03:37:14.469334,c9ee0baf8766f18b8131600c
www.jav-saga.com,AVAILABILITY,domains.list,domains.list,2024-02-05 03:37:15.224544,c9ee0baf8766f18b8131600c
www.jav-saiki.com,AVAILABILITY,domains.list,domains.list,2024-02-05 03:37:16.001574,c9ee0baf8766f18b8131600c
www.jav-sato.com,AVAILABILITY,domains.list,domains.list,2024-02-05 03:37:16.951563,c9ee0baf8766f18b8131600c
www.jav-sana.com,AVAILABILITY,domains.list,domains.list,2024-02-05 03:37:17.890283,c9ee0baf8766f18b8131600c
www.jav-sakika.com,AVAILABILITY,domains.list,domains.list,2024-02-05 03:37:18.628224,c9ee0baf8766f18b8131600c
www.jav-satomi.com,AVAILABILITY,domains.list,domains.list,2024-02-05 03:37:19.436396,c9ee0baf8766f18b8131600c
www.javsale.net,AVAILABILITY,domains.list,domains.list,2024-02-05 03:37:20.219044,c9ee0baf8766f18b8131600c
www.jav-web.com,AVAILABILITY,domains.list,domains.list,2024-02-05 03:37:20.986108,c9ee0baf8766f18b8131600c
www.javsea.info,AVAILABILITY,domains.list,domains.list,2024-02-05 03:37:21.820060,c9ee0baf8766f18b8131600c
www.jav-serina.com,AVAILABILITY,domains.list,domains.list,2024-02-05 03:37:22.612685,c9ee0baf8766f18b8131600c
www.javservice.net,AVAILABILITY,domains.list,domains.list,2024-02-05 03:37:23.364660,c9ee0baf8766f18b8131600c
www.jav-set.com,AVAILABILITY,domains.list,domains.list,2024-02-05 03:37:24.192957,c9ee0baf8766f18b8131600c
www.javshare.ovh,AVAILABILITY,domains.list,domains.list,2024-02-05 03:37:25.165144,c9ee0baf8766f18b8131600c
www.jav-share.info,AVAILABILITY,domains.list,domains.list,2024-02-05 03:37:25.993564,c9ee0baf8766f18b8131600c
www.jav-shiga.com,AVAILABILITY,domains.list,domains.list,2024-02-05 03:37:26.880357,c9ee0baf8766f18b8131600c
www.jav-shiori.com,AVAILABILITY,domains.list,domains.list,2024-02-05 03:37:27.632870,c9ee0baf8766f18b8131600c
www.jav-shimane.com,AVAILABILITY,domains.list,domains.list,2024-02-05 03:37:28.466720,c9ee0baf8766f18b8131600c
www.jav-shizuoka.com,AVAILABILITY,domains.list,domains.list,2024-02-05 03:37:29.220908,c9ee0baf8766f18b8131600c
www.jav-sitehd.com,AVAILABILITY,domains.list,domains.list,2024-02-05 03:37:30.172987,c9ee0baf8766f18b8131600c
www.javsitehd.com,AVAILABILITY,domains.list,domains.list,2024-02-05 03:37:31.034775,c9ee0baf8766f18b8131600c
www.jav-show.com,AVAILABILITY,domains.list,domains.list,2024-02-05 03:37:31.868146,c9ee0baf8766f18b8131600c
www.javsmack.gq,AVAILABILITY,domains.list,domains.list,2024-02-05 03:37:33.010243,c9ee0baf8766f18b8131600c
ptownav.blogspot.jp,AVAILABILITY,domains.list,domains.list,2024-02-05 03:37:34.156914,c9ee0baf8766f18b8131600c
dlavi496.blogspot.com,AVAILABILITY,domains.list,domains.list,2024-02-05 03:37:35.204774,c9ee0baf8766f18b8131600c
dlhentaigame.blogspot.jp,AVAILABILITY,domains.list,domains.list,2024-02-05 03:37:36.512060,c9ee0baf8766f18b8131600c
www.watch-jav.com,AVAILABILITY,domains.list,domains.list,2024-02-05 03:37:37.461547,c9ee0baf8766f18b8131600c
javfilm.ga,AVAILABILITY,domains.list,domains.list,2024-02-05 03:37:38.377379,c9ee0baf8766f18b8131600c
www.hardjav.com,AVAILABILITY,domains.list,domains.list,2024-02-05 03:37:40.566277,c9ee0baf8766f18b8131600c
www.jav-1.com,AVAILABILITY,domains.list,domains.list,2024-02-05 03:37:41.386993,c9ee0baf8766f18b8131600c
www.jav-depfile.com,AVAILABILITY,domains.list,domains.list,2024-02-05 03:37:42.198013,c9ee0baf8766f18b8131600c
www.javfilm.ga,AVAILABILITY,domains.list,domains.list,2024-02-05 03:37:43.513685,c9ee0baf8766f18b8131600c
www.javlib.club,AVAILABILITY,domains.list,domains.list,2024-02-05 03:37:44.626821,c9ee0baf8766f18b8131600c
japanesegravureidol.org,AVAILABILITY,domains.list,domains.list,2024-02-05 03:37:45.444597,c9ee0baf8766f18b8131600c
www.japanesegravureidol.org,AVAILABILITY,domains.list,domains.list,2024-02-05 03:37:46.313790,c9ee0baf8766f18b8131600c
www.javporn.club,AVAILABILITY,domains.list,domains.list,2024-02-05 03:37:47.175241,c9ee0baf8766f18b8131600c
idolhot123.wordpress.com,AVAILABILITY,domains.list,domains.list,2024-02-05 03:37:48.717273,c9ee0baf8766f18b8131600c
www.asianjavdownload.blogspot.com,AVAILABILITY,domains.list,domains.list,2024-02-05 03:37:50.375109,c9ee0baf8766f18b8131600c
www.freeiso4u.blogspot.com,AVAILABILITY,domains.list,domains.list,2024-02-05 03:37:51.591463,c9ee0baf8766f18b8131600c
www.freeiv.blogspot.com,AVAILABILITY,domains.list,domains.list,2024-02-05 03:37:52.803965,c9ee0baf8766f18b8131600c
www.freejapaniso.blogspot.com,AVAILABILITY,domains.list,domains.list,2024-02-05 03:37:54.017175,c9ee0baf8766f18b8131600c
www.freesexidols.blogspot.com,AVAILABILITY,domains.list,domains.list,2024-02-05 03:37:55.232876,c9ee0baf8766f18b8131600c
www.hdjav.biz,AVAILABILITY,domains.list,domains.list,2024-02-05 03:37:56.347159,c9ee0baf8766f18b8131600c
www.hentaidz.com,AVAILABILITY,domains.list,domains.list,2024-02-05 03:37:58.096477,c9ee0baf8766f18b8131600c
www.hotjav1.blogspot.com,AVAILABILITY,domains.list,domains.list,2024-02-05 03:37:59.422914,c9ee0baf8766f18b8131600c
www.idolhot.org,AVAILABILITY,domains.list,domains.list,2024-02-05 03:38:03.215358,c9ee0baf8766f18b8131600c
www.idoliso.blogspot.com,AVAILABILITY,domains.list,domains.list,2024-02-05 03:38:04.511418,c9ee0baf8766f18b8131600c
www.j12lib.com,AVAILABILITY,domains.list,domains.list,2024-02-05 03:38:06.040170,c9ee0baf8766f18b8131600c
www.jap-gravure.blogspot.com,AVAILABILITY,domains.list,domains.list,2024-02-05 03:38:07.397756,c9ee0baf8766f18b8131600c
www.japan-videos.com,AVAILABILITY,domains.list,domains.list,2024-02-05 03:38:09.115320,c9ee0baf8766f18b8131600c
www.japaniso4u.blogspot.com,AVAILABILITY,domains.list,domains.list,2024-02-05 03:38:10.686420,c9ee0baf8766f18b8131600c
www.jav-box.com,AVAILABILITY,domains.list,domains.list,2024-02-05 03:38:13.596400,c9ee0baf8766f18b8131600c
www.jav11b.com,AVAILABILITY,domains.list,domains.list,2024-02-05 03:38:15.071190,c9ee0baf8766f18b8131600c
www.jav4you.org,AVAILABILITY,domains.list,domains.list,2024-02-05 03:38:18.207266,c9ee0baf8766f18b8131600c
www.javhard.net,AVAILABILITY,domains.list,domains.list,2024-02-05 03:38:21.946871,c9ee0baf8766f18b8131600c
www.javiews.com,AVAILABILITY,domains.list,domains.list,2024-02-05 03:38:23.351950,c9ee0baf8766f18b8131600c
www.javort.com,AVAILABILITY,domains.list,domains.list,2024-02-05 03:38:25.413178,c9ee0baf8766f18b8131600c
www.javpack.com,AVAILABILITY,domains.list,domains.list,2024-02-05 03:38:26.148675,c9ee0baf8766f18b8131600c
www.javpop.org,AVAILABILITY,domains.list,domains.list,2024-02-05 03:38:33.627567,c9ee0baf8766f18b8131600c
