idna_subject,checker_type,destination,tested_at
fpvjp777.blogspot.com,AVAILABILITY,domains.list,2021-07-25 05:42:02.672559
movieiso.blogspot.com,AVAILABILITY,domains.list,2021-07-25 05:45:44.785770
www.freshjav.net,AVAILABILITY,domains.list,2021-07-25 05:47:38.270270
www.sexyjapaneseav.com,AVAILABILITY,domains.list,2021-07-25 05:54:46.324031
www.myjavlib.com,AVAILABILITY,domains.list,2021-07-25 05:54:51.807754
www.jav-depfile.com,AVAILABILITY,domains.list,2021-07-25 05:54:52.064299
javdb.club,AVAILABILITY,domains.list,2021-07-25 05:54:52.486542
jav-dmm.co,AVAILABILITY,domains.list,2021-07-25 05:55:03.448706
jav-dls.com,AVAILABILITY,domains.list,2021-07-25 05:55:09.057935
javdl.pro,AVAILABILITY,domains.list,2021-07-25 05:55:09.511311
javdlnow.com,AVAILABILITY,domains.list,2021-07-25 05:55:09.866862
jav-downld.com,AVAILABILITY,domains.list,2021-07-25 05:55:10.265741
javdreamshd.com,AVAILABILITY,domains.list,2021-07-25 05:55:10.664690
javdownloadhd.com,AVAILABILITY,domains.list,2021-07-25 05:55:11.131899
javdownload.pro,AVAILABILITY,domains.list,2021-07-25 05:55:11.488282
javdusty.com,AVAILABILITY,domains.list,2021-07-25 05:55:11.842817
jav-expert.com,AVAILABILITY,domains.list,2021-07-25 05:55:12.177661
jav-ehime.com,AVAILABILITY,domains.list,2021-07-25 05:55:55.162689
javecstasy.com,AVAILABILITY,domains.list,2021-07-25 05:55:55.491612
jav-fever.com,AVAILABILITY,domains.list,2021-07-25 05:55:55.790623
jav-fastest.com,AVAILABILITY,domains.list,2021-07-25 05:55:56.136680
jav-files.com,AVAILABILITY,domains.list,2021-07-25 05:55:56.447878
javfilm.gq,AVAILABILITY,domains.list,2021-07-25 05:55:57.967644
jav-films.com,AVAILABILITY,domains.list,2021-07-25 05:55:58.240935
javfilm.org,AVAILABILITY,domains.list,2021-07-25 05:55:58.794313
javfilmbox.com,AVAILABILITY,domains.list,2021-07-25 05:55:59.116513
jav-free.us,AVAILABILITY,domains.list,2021-07-25 05:55:59.619793
jav-forever.com,AVAILABILITY,domains.list,2021-07-25 05:55:59.889655
jav-fukuoka.com,AVAILABILITY,domains.list,2021-07-25 05:56:00.219465
javfresh.org,AVAILABILITY,domains.list,2021-07-25 05:56:00.674388
jav-gifu.com,AVAILABILITY,domains.list,2021-07-25 05:56:01.015045
jav-fresh.com,AVAILABILITY,domains.list,2021-07-25 05:56:01.270406
jav-fukui.com,AVAILABILITY,domains.list,2021-07-25 05:56:01.536670
jav-hanaza.com,AVAILABILITY,domains.list,2021-07-25 05:56:01.798172
jav-fukushima.com,AVAILABILITY,domains.list,2021-07-25 05:56:02.082129
jav-hana.com,AVAILABILITY,domains.list,2021-07-25 05:56:02.448284
jav-gunma.com,AVAILABILITY,domains.list,2021-07-25 05:56:02.731875
javhdboom.com,AVAILABILITY,domains.list,2021-07-25 05:56:02.993744
jav-haruki.com,AVAILABILITY,domains.list,2021-07-25 05:56:03.318408
jav-hdlink.com,AVAILABILITY,domains.list,2021-07-25 05:56:03.642089
jav-hd-place.com,AVAILABILITY,domains.list,2021-07-25 05:56:03.922462
jav-himeno,AVAILABILITY,domains.list,2021-07-25 05:56:04.107080
jav-haneda.com,AVAILABILITY,domains.list,2021-07-25 05:56:04.373229
javhdplace.com,AVAILABILITY,domains.list,2021-07-25 05:56:04.716415
jav-heyzo.com,AVAILABILITY,domains.list,2021-07-25 05:56:05.060097
jav-hitomi.com,AVAILABILITY,domains.list,2021-07-25 05:56:05.376190
jav-hiroshima.com,AVAILABILITY,domains.list,2021-07-25 05:56:05.700006
jav-hina.com,AVAILABILITY,domains.list,2021-07-25 05:56:05.951914
jav-hirose.com,AVAILABILITY,domains.list,2021-07-25 05:56:06.192328
jav-honda.com,AVAILABILITY,domains.list,2021-07-25 05:56:06.521251
javhomes.net,AVAILABILITY,domains.list,2021-07-25 05:56:06.811630
jav-hokkaido.com,AVAILABILITY,domains.list,2021-07-25 05:56:07.055151
jav-hyogo.com,AVAILABILITY,domains.list,2021-07-25 05:56:07.408976
jav-ibaraki.com,AVAILABILITY,domains.list,2021-07-25 05:56:07.749880
jav-imai.com,AVAILABILITY,domains.list,2021-07-25 05:56:08.007378
jav-impact.com,AVAILABILITY,domains.list,2021-07-25 05:56:08.267719
jav-iwate.com,AVAILABILITY,domains.list,2021-07-25 05:56:08.559107
jav-isshiki.com,AVAILABILITY,domains.list,2021-07-25 05:56:08.886676
jav-ishikawa.com,AVAILABILITY,domains.list,2021-07-25 05:56:09.124435
jav-jessica.com,AVAILABILITY,domains.list,2021-07-25 05:56:09.455801
javjethd.com,AVAILABILITY,domains.list,2021-07-25 05:56:09.714444
jav-juice.com,AVAILABILITY,domains.list,2021-07-25 05:56:10.057203
jav-jungle.com,AVAILABILITY,domains.list,2021-07-25 05:56:10.205560
jav-jukujo.com,AVAILABILITY,domains.list,2021-07-25 05:56:10.551228
jav-junkie.com,AVAILABILITY,domains.list,2021-07-25 05:56:10.810593
javjungle.com,AVAILABILITY,domains.list,2021-07-25 05:56:11.088399
jav-kagoshima.com,AVAILABILITY,domains.list,2021-07-25 05:56:11.352654
jav-kagawa.com,AVAILABILITY,domains.list,2021-07-25 05:56:11.589122
jav-kaede.com,AVAILABILITY,domains.list,2021-07-25 05:56:11.910180
jav-kana.com,AVAILABILITY,domains.list,2021-07-25 05:56:12.181241
jav-kanzaki.com,AVAILABILITY,domains.list,2021-07-25 05:56:12.510856
jav-kanagawa.com,AVAILABILITY,domains.list,2021-07-25 05:56:12.770937
jav-kanata.com,AVAILABILITY,domains.list,2021-07-25 05:56:13.080677
javkind.com,AVAILABILITY,domains.list,2021-07-25 05:56:13.389269
jav-kirara.com,AVAILABILITY,domains.list,2021-07-25 05:56:13.665160
javking.org,AVAILABILITY,domains.list,2021-07-25 05:56:14.016369
jav-kochi.com,AVAILABILITY,domains.list,2021-07-25 05:56:14.247522
jav-kokomi.com,AVAILABILITY,domains.list,2021-07-25 05:56:14.488683
jav-kumamoto.com,AVAILABILITY,domains.list,2021-07-25 05:56:14.744627
jav-kyoto.com,AVAILABILITY,domains.list,2021-07-25 05:56:15.013821
javlast.com,AVAILABILITY,domains.list,2021-07-25 05:56:15.271206
jav-last.com,AVAILABILITY,domains.list,2021-07-25 05:56:15.597937
javld.xyz,AVAILABILITY,domains.list,2021-07-25 05:56:16.166328
javlibraries.xyz,AVAILABILITY,domains.list,2021-07-25 05:56:16.733287
jav-link.com,AVAILABILITY,domains.list,2021-07-25 05:56:16.977713
javlink.biz,AVAILABILITY,domains.list,2021-07-25 05:56:17.578394
javlink.org,AVAILABILITY,domains.list,2021-07-25 05:56:21.075653
jav-links.com,AVAILABILITY,domains.list,2021-07-25 05:56:21.356094
javlibraryhd.com,AVAILABILITY,domains.list,2021-07-25 05:56:21.613423
javlittle.com,AVAILABILITY,domains.list,2021-07-25 05:56:21.922763
jav-ltd.com,AVAILABILITY,domains.list,2021-07-25 05:56:22.298576
jav-liveshow.com,AVAILABILITY,domains.list,2021-07-25 05:56:22.580355
jav-madoka.com,AVAILABILITY,domains.list,2021-07-25 05:56:22.896833
jav-makoto.com,AVAILABILITY,domains.list,2021-07-25 05:56:23.194736
jav-mass.com,AVAILABILITY,domains.list,2021-07-25 05:56:23.432583
jav-maria.com,AVAILABILITY,domains.list,2021-07-25 05:56:23.657093
javmasshd.com,AVAILABILITY,domains.list,2021-07-25 05:56:24.008039
jav-matsuda.com,AVAILABILITY,domains.list,2021-07-25 05:56:24.320513
jav-mayu.com,AVAILABILITY,domains.list,2021-07-25 05:56:24.590556
jav-mie.com,AVAILABILITY,domains.list,2021-07-25 05:56:24.831679
jav-matsushima.com,AVAILABILITY,domains.list,2021-07-25 05:56:25.171914
jav-miku.com,AVAILABILITY,domains.list,2021-07-25 05:56:25.481115
jav-miho.com,AVAILABILITY,domains.list,2021-07-25 05:56:25.793912
jav-minami.com,AVAILABILITY,domains.list,2021-07-25 05:56:26.088755
jav-miyagi.com,AVAILABILITY,domains.list,2021-07-25 05:56:26.334346
jav-miyazaki.com,AVAILABILITY,domains.list,2021-07-25 05:56:26.616093
jav-nana.com,AVAILABILITY,domains.list,2021-07-25 05:56:26.942061
jav-muramura.com,AVAILABILITY,domains.list,2021-07-25 05:56:27.288155
jav-momoka.com,AVAILABILITY,domains.list,2021-07-25 05:56:27.620824
jav-nagano.com,AVAILABILITY,domains.list,2021-07-25 05:56:27.871373
jav-nara.com,AVAILABILITY,domains.list,2021-07-25 05:56:28.147668
jav-new.org,AVAILABILITY,domains.list,2021-07-25 05:56:28.656879
jav-natsu.com,AVAILABILITY,domains.list,2021-07-25 05:56:29.014381
jav-nishino.com,AVAILABILITY,domains.list,2021-07-25 05:56:29.257240
jav-niigata.com,AVAILABILITY,domains.list,2021-07-25 05:56:29.510226
jav-on.com,AVAILABILITY,domains.list,2021-07-25 05:56:29.828414
jav-nishizaki.com,AVAILABILITY,domains.list,2021-07-25 05:56:30.095318
jav-okayama.com,AVAILABILITY,domains.list,2021-07-25 05:56:30.384276
jav-pack.com,AVAILABILITY,domains.list,2021-07-25 05:56:30.631227
jav-osaka.com,AVAILABILITY,domains.list,2021-07-25 05:56:30.913466
javort.com,AVAILABILITY,domains.list,2021-07-25 05:56:31.236024
jav-palace.com,AVAILABILITY,domains.list,2021-07-25 05:56:31.464425
javpalace.com,AVAILABILITY,domains.list,2021-07-25 05:56:31.789459
javpalace.net,AVAILABILITY,domains.list,2021-07-25 05:56:32.058731
jav-passion.com,AVAILABILITY,domains.list,2021-07-25 05:56:32.316489
jav-parade.com,AVAILABILITY,domains.list,2021-07-25 05:56:32.656106
javpiece.com,AVAILABILITY,domains.list,2021-07-25 05:56:32.938176
jav-place.com,AVAILABILITY,domains.list,2021-07-25 05:56:33.245303
javpop.ovh,AVAILABILITY,domains.list,2021-07-25 05:56:34.984478
javpop-hd.com,AVAILABILITY,domains.list,2021-07-25 05:56:35.234325
javportal.site,AVAILABILITY,domains.list,2021-07-25 05:56:35.800958
javpophd.com,AVAILABILITY,domains.list,2021-07-25 05:56:36.103022
javpopmore.com,AVAILABILITY,domains.list,2021-07-25 05:56:36.463679
jav-public.com,AVAILABILITY,domains.list,2021-07-25 05:56:36.791345
javrar.org,AVAILABILITY,domains.list,2021-07-25 05:56:37.130120
jav-rar.com,AVAILABILITY,domains.list,2021-07-25 05:56:37.408646
jav-rape.com,AVAILABILITY,domains.list,2021-07-25 05:56:37.718636
jav-ready.com,AVAILABILITY,domains.list,2021-07-25 05:56:37.976687
jav-release.com,AVAILABILITY,domains.list,2021-07-25 05:56:38.328985
jav-rena.com,AVAILABILITY,domains.list,2021-07-25 05:56:38.676443
jav-rina.com,AVAILABILITY,domains.list,2021-07-25 05:56:38.998346
jav-rio.com,AVAILABILITY,domains.list,2021-07-25 05:56:39.337685
jav-resource.com,AVAILABILITY,domains.list,2021-07-25 05:56:39.632619
jav-risa.com,AVAILABILITY,domains.list,2021-07-25 05:56:39.931036
jav-rola.com,AVAILABILITY,domains.list,2021-07-25 05:56:40.278207
jav-saiki.com,AVAILABILITY,domains.list,2021-07-25 05:56:40.617030
jav-saitama.com,AVAILABILITY,domains.list,2021-07-25 05:56:40.898123
jav-saga.com,AVAILABILITY,domains.list,2021-07-25 05:56:41.164586
javrush.org,AVAILABILITY,domains.list,2021-07-25 05:56:41.673882
jav-sakika.com,AVAILABILITY,domains.list,2021-07-25 05:56:41.938626
jav-satomi.com,AVAILABILITY,domains.list,2021-07-25 05:56:42.215439
jav-sana.com,AVAILABILITY,domains.list,2021-07-25 05:56:42.580238
jav-sato.com,AVAILABILITY,domains.list,2021-07-25 05:56:42.848034
javsale.net,AVAILABILITY,domains.list,2021-07-25 05:56:43.087349
javsea.info,AVAILABILITY,domains.list,2021-07-25 05:56:43.410625
jav-serina.com,AVAILABILITY,domains.list,2021-07-25 05:56:43.702012
jav-set.com,AVAILABILITY,domains.list,2021-07-25 05:56:43.980575
javservice.net,AVAILABILITY,domains.list,2021-07-25 05:56:44.353716
jav-share.com,AVAILABILITY,domains.list,2021-07-25 05:56:44.646372
jav-shimane.com,AVAILABILITY,domains.list,2021-07-25 05:56:44.957026
jav-shizuoka.com,AVAILABILITY,domains.list,2021-07-25 05:56:45.306376
jav-shiga.com,AVAILABILITY,domains.list,2021-07-25 05:56:45.620125
jav-show.com,AVAILABILITY,domains.list,2021-07-25 05:56:45.864650
javshare.ovh,AVAILABILITY,domains.list,2021-07-25 05:56:51.341463
jav-shiori.com,AVAILABILITY,domains.list,2021-07-25 05:56:51.630861
javsitehd.com,AVAILABILITY,domains.list,2021-07-25 05:56:51.948085
jav-sitehd.com,AVAILABILITY,domains.list,2021-07-25 05:56:52.256875
javsmack.gq,AVAILABILITY,domains.list,2021-07-25 05:56:58.059788
javsold.com,AVAILABILITY,domains.list,2021-07-25 05:56:58.460343
javsmack.com,AVAILABILITY,domains.list,2021-07-25 05:56:58.825664
jav-source.com,AVAILABILITY,domains.list,2021-07-25 05:56:59.164753
jav-sora.com,AVAILABILITY,domains.list,2021-07-25 05:56:59.454170
jav-sugihara.com,AVAILABILITY,domains.list,2021-07-25 05:56:59.760995
javstore-hd.com,AVAILABILITY,domains.list,2021-07-25 05:57:00.011686
jav-syaka.com,AVAILABILITY,domains.list,2021-07-25 05:57:00.323617
jav-suzuka.com,AVAILABILITY,domains.list,2021-07-25 05:57:00.581183
javsunny.com,AVAILABILITY,domains.list,2021-07-25 05:57:00.850044
jav-tokyohot.com,AVAILABILITY,domains.list,2021-07-25 05:57:01.220337
jav-takako.com,AVAILABILITY,domains.list,2021-07-25 05:57:01.543912
jav-tina.com,AVAILABILITY,domains.list,2021-07-25 05:57:01.855110
jav-tomoka.com,AVAILABILITY,domains.list,2021-07-25 05:57:02.175877
javtotal.club,AVAILABILITY,domains.list,2021-07-25 05:57:02.697455
javtotal.site,AVAILABILITY,domains.list,2021-07-25 05:57:03.166353
javtown.club,AVAILABILITY,domains.list,2021-07-25 05:57:03.643321
javtv.site,AVAILABILITY,domains.list,2021-07-25 05:57:04.150696
jav-town.com,AVAILABILITY,domains.list,2021-07-25 05:57:04.384013
jav-upload.com,AVAILABILITY,domains.list,2021-07-25 05:57:04.666260
jav-tsuchiya.com,AVAILABILITY,domains.list,2021-07-25 05:57:05.006501
jav-tsubasa.com,AVAILABILITY,domains.list,2021-07-25 05:57:05.300397
javunlimited.net,AVAILABILITY,domains.list,2021-07-25 05:57:05.600330
jav-xyz.com,AVAILABILITY,domains.list,2021-07-25 05:57:05.893709
jav-xyz.net,AVAILABILITY,domains.list,2021-07-25 05:57:06.216440
jav-video.org,AVAILABILITY,domains.list,2021-07-25 05:57:06.558377
javyng.com,AVAILABILITY,domains.list,2021-07-25 05:57:06.841369
jav-yui.com,AVAILABILITY,domains.list,2021-07-25 05:57:07.216376
jav-yua.com,AVAILABILITY,domains.list,2021-07-25 05:57:07.549322
jav-yuma.com,AVAILABILITY,domains.list,2021-07-25 05:57:07.851357
jav-zipang.net,AVAILABILITY,domains.list,2021-07-25 05:57:08.103722
jav-zitomi.com,AVAILABILITY,domains.list,2021-07-25 05:57:08.413590
j-jav.com,AVAILABILITY,domains.list,2021-07-25 05:57:08.653660
jexix.net,AVAILABILITY,domains.list,2021-07-25 05:57:08.973338
joshfire.org,AVAILABILITY,domains.list,2021-07-25 05:57:12.424367
load-av.com,AVAILABILITY,domains.list,2021-07-25 05:57:12.690481
loadjavhd.com,AVAILABILITY,domains.list,2021-07-25 05:57:12.989417
like-jav.com,AVAILABILITY,domains.list,2021-07-25 05:57:13.231633
lotsofjav.com,AVAILABILITY,domains.list,2021-07-25 05:57:13.579504
maddawgjav.ovh,AVAILABILITY,domains.list,2021-07-25 05:57:19.005756
mkv-jav.com,AVAILABILITY,domains.list,2021-07-25 05:57:19.330803
massofjav.com,AVAILABILITY,domains.list,2021-07-25 05:57:19.637382
megajav.org,AVAILABILITY,domains.list,2021-07-25 05:57:20.022725
my-jav.club,AVAILABILITY,domains.list,2021-07-25 05:57:20.402105
netjav.biz,AVAILABILITY,domains.list,2021-07-25 05:57:20.838930
netjav.me,AVAILABILITY,domains.list,2021-07-25 05:57:21.220079
newest-jav.com,AVAILABILITY,domains.list,2021-07-25 05:57:21.473604
netjav.org,AVAILABILITY,domains.list,2021-07-25 05:57:21.894416
oecdtw.com,AVAILABILITY,domains.list,2021-07-25 05:57:22.120644
newsjav.gq,AVAILABILITY,domains.list,2021-07-25 05:57:27.319175
newsjav.org,AVAILABILITY,domains.list,2021-07-25 05:57:27.818785
newjav.biz,AVAILABILITY,domains.list,2021-07-25 05:57:28.280983
porn-4u.com,AVAILABILITY,domains.list,2021-07-25 05:57:28.672643
portal-jav.com,AVAILABILITY,domains.list,2021-07-25 05:57:29.000359
pieceofjav.com,AVAILABILITY,domains.list,2021-07-25 05:57:29.362553
oo2go.org,AVAILABILITY,domains.list,2021-07-25 05:57:29.650346
storejav.com,AVAILABILITY,domains.list,2021-07-25 05:57:29.968583
sdrees.biz,AVAILABILITY,domains.list,2021-07-25 05:57:30.394128
topjav.club,AVAILABILITY,domains.list,2021-07-25 05:57:30.826042
storejavhd.com,AVAILABILITY,domains.list,2021-07-25 05:57:31.096718
up360.info,AVAILABILITY,domains.list,2021-07-25 05:57:31.442519
uncensoredav.com,AVAILABILITY,domains.list,2021-07-25 05:57:31.751211
vidja.pro,AVAILABILITY,domains.list,2021-07-25 05:57:32.117913
tzjav.com,AVAILABILITY,domains.list,2021-07-25 05:57:32.457877
www.2av-cloud.net,AVAILABILITY,domains.list,2021-07-25 05:57:32.786021
wwjav.com,AVAILABILITY,domains.list,2021-07-25 05:57:33.110159
www.3xks.net,AVAILABILITY,domains.list,2021-07-25 05:57:33.415324
www.4k-jav.com,AVAILABILITY,domains.list,2021-07-25 05:57:33.685629
www.24jav.club,AVAILABILITY,domains.list,2021-07-25 05:57:34.053732
www.addict-jav.com,AVAILABILITY,domains.list,2021-07-25 05:57:34.393610
www.adultjavhd.com,AVAILABILITY,domains.list,2021-07-25 05:57:34.602575
www.adult-movie.download,AVAILABILITY,domains.list,2021-07-25 05:57:34.907808
www.akibajav.biz,AVAILABILITY,domains.list,2021-07-25 05:57:35.201021
www.archive-jav.com,AVAILABILITY,domains.list,2021-07-25 05:57:35.501054
www.avcens.top,AVAILABILITY,domains.list,2021-07-25 05:57:36.774305
www.avbloghd.com,AVAILABILITY,domains.list,2021-07-25 05:57:37.155775
www.avcens.com,AVAILABILITY,domains.list,2021-07-25 05:57:37.500442
www.av-down.com,AVAILABILITY,domains.list,2021-07-25 05:57:37.844524
www.av2you.link,AVAILABILITY,domains.list,2021-07-25 05:57:38.140817
www.av-debut.org,AVAILABILITY,domains.list,2021-07-25 05:57:38.698297
www.av-lib.com,AVAILABILITY,domains.list,2021-07-25 05:57:39.037824
www.avdownload.in,AVAILABILITY,domains.list,2021-07-25 05:57:39.273101
www.av-mania.info,AVAILABILITY,domains.list,2021-07-25 05:57:39.524381
www.av-hot.info,AVAILABILITY,domains.list,2021-07-25 05:57:39.809813
www.av-loadhd.com,AVAILABILITY,domains.list,2021-07-25 05:57:40.126572
www.av-hardcore.com,AVAILABILITY,domains.list,2021-07-25 05:57:40.320072
www.av-star.net,AVAILABILITY,domains.list,2021-07-25 05:57:40.578288
www.av-mov.xyz,AVAILABILITY,domains.list,2021-07-25 05:57:40.792873
www.avrar.net,AVAILABILITY,domains.list,2021-07-25 05:57:41.062307
www.avzone.biz,AVAILABILITY,domains.list,2021-07-25 05:57:41.323622
www.blogjavhd.com,AVAILABILITY,domains.list,2021-07-25 05:57:41.680255
www.cd4share.com,AVAILABILITY,domains.list,2021-07-25 05:57:41.987317
www.bestjav.org,AVAILABILITY,domains.list,2021-07-25 05:58:30.330301
www.boxofjav.com,AVAILABILITY,domains.list,2021-07-25 05:58:30.654609
www.cdes62.org,AVAILABILITY,domains.list,2021-07-25 05:58:30.966351
www.cool-jav.com,AVAILABILITY,domains.list,2021-07-25 05:58:31.360391
www.ejav.org,AVAILABILITY,domains.list,2021-07-25 05:58:31.668567
www.downloadjav.link,AVAILABILITY,domains.list,2021-07-25 05:58:32.053103
www.darenkiss.info,AVAILABILITY,domains.list,2021-07-25 05:58:32.347080
www.f-juku.com,AVAILABILITY,domains.list,2021-07-25 05:58:32.649781
www.downloadjav.online,AVAILABILITY,domains.list,2021-07-25 05:58:32.926046
www.ematters.biz,AVAILABILITY,domains.list,2021-07-25 05:58:33.178271
www.extremeav.ovh,AVAILABILITY,domains.list,2021-07-25 05:58:33.597035
www.freshjavhd.com,AVAILABILITY,domains.list,2021-07-25 05:58:33.873081
www.fullhd-jav.com,AVAILABILITY,domains.list,2021-07-25 05:58:34.192499
www.full-hd-jav.com,AVAILABILITY,domains.list,2021-07-25 05:58:34.428446
www.freejav.link,AVAILABILITY,domains.list,2021-07-25 05:58:34.727368
www.get-jav.com,AVAILABILITY,domains.list,2021-07-25 05:58:35.020438
www.great-jav.com,AVAILABILITY,domains.list,2021-07-25 05:58:35.348930
www.gravureidol4u.com,AVAILABILITY,domains.list,2021-07-25 05:58:35.671582
www.hardcore-jav.com,AVAILABILITY,domains.list,2021-07-25 05:58:36.012692
www.grutt.biz,AVAILABILITY,domains.list,2021-07-25 05:58:36.299803
www.hard-jav.com,AVAILABILITY,domains.list,2021-07-25 05:58:36.638943
www.goldenjav.xyz,AVAILABILITY,domains.list,2021-07-25 05:58:36.998359
www.hardcorejav.com,AVAILABILITY,domains.list,2021-07-25 05:58:37.334530
www.hardjav.com,AVAILABILITY,domains.list,2021-07-25 05:58:38.326885
www.hdjavdl.com,AVAILABILITY,domains.list,2021-07-25 05:58:38.592587
www.h-av.org,AVAILABILITY,domains.list,2021-07-25 05:58:47.686709
www.hdjavload.com,AVAILABILITY,domains.list,2021-07-25 05:58:48.164447
www.heaven-jav.com,AVAILABILITY,domains.list,2021-07-25 05:58:48.564117
www.hornyjav.net,AVAILABILITY,domains.list,2021-07-25 05:58:49.013616
www.hot-av.info,AVAILABILITY,domains.list,2021-07-25 05:58:49.434311
www.hotjav.link,AVAILABILITY,domains.list,2021-07-25 05:58:49.848265
www.idolhot.org,AVAILABILITY,domains.list,2021-07-25 05:58:50.274046
www.hotjav.top,AVAILABILITY,domains.list,2021-07-25 05:58:51.779129
www.japandb.club,AVAILABILITY,domains.list,2021-07-25 05:58:52.194191
www.idolbee.com,AVAILABILITY,domains.list,2021-07-25 05:59:03.039391
www.japanadult.info,AVAILABILITY,domains.list,2021-07-25 05:59:03.411082
www.iexposure.us,AVAILABILITY,domains.list,2021-07-25 05:59:03.594044
www.japan-hot.link,AVAILABILITY,domains.list,2021-07-25 05:59:03.784938
www.japanesegravureidol.org,AVAILABILITY,domains.list,2021-07-25 05:59:05.462386
www.japdb.club,AVAILABILITY,domains.list,2021-07-25 05:59:05.692209
www.japaniv.com,AVAILABILITY,domains.list,2021-07-25 05:59:05.903835
www.japansun.org,AVAILABILITY,domains.list,2021-07-25 05:59:06.124364
www.japlovejav.com,AVAILABILITY,domains.list,2021-07-25 05:59:06.351448
www.jav2dl.com,AVAILABILITY,domains.list,2021-07-25 05:59:06.563053
www.japdb.site,AVAILABILITY,domains.list,2021-07-25 05:59:06.784963
www.jav2.me,AVAILABILITY,domains.list,2021-07-25 05:59:07.108508
www.jav4e.com,AVAILABILITY,domains.list,2021-07-25 05:59:07.410920
www.jav4men.com,AVAILABILITY,domains.list,2021-07-25 05:59:07.694383
www.jav2jav.com,AVAILABILITY,domains.list,2021-07-25 05:59:07.976009
www.jav4share.ovh,AVAILABILITY,domains.list,2021-07-25 05:59:08.365979
www.jav4you.org,AVAILABILITY,domains.list,2021-07-25 05:59:08.697101
www.jav-1000giri.com,AVAILABILITY,domains.list,2021-07-25 05:59:08.917201
www.jav9.org,AVAILABILITY,domains.list,2021-07-25 05:59:09.144061
www.jav4you.site,AVAILABILITY,domains.list,2021-07-25 05:59:09.466258
www.j-a-v.org,AVAILABILITY,domains.list,2021-07-25 05:59:11.252643
www.jav-act.com,AVAILABILITY,domains.list,2021-07-25 05:59:11.601327
www.javabundant.com,AVAILABILITY,domains.list,2021-07-25 05:59:19.789085
www.jav-abc.com,AVAILABILITY,domains.list,2021-07-25 05:59:20.066634
www.javaged.com,AVAILABILITY,domains.list,2021-07-25 05:59:20.370502
www.jav-akiho.com,AVAILABILITY,domains.list,2021-07-25 05:59:20.633898
www.javages.com,AVAILABILITY,domains.list,2021-07-25 05:59:20.922858
www.jav-aichi.com,AVAILABILITY,domains.list,2021-07-25 05:59:21.177237
www.jav-akita.com,AVAILABILITY,domains.list,2021-07-25 05:59:21.480776
www.javalbum.com,AVAILABILITY,domains.list,2021-07-25 05:59:21.767320
www.jav-album.com,AVAILABILITY,domains.list,2021-07-25 05:59:22.100254
www.jav-anna.com,AVAILABILITY,domains.list,2021-07-25 05:59:22.379682
www.javangry.com,AVAILABILITY,domains.list,2021-07-25 05:59:22.651960
www.jav-anri.com,AVAILABILITY,domains.list,2021-07-25 05:59:22.896120
www.javarchive.site,AVAILABILITY,domains.list,2021-07-25 05:59:23.231917
www.jav-aomori.com,AVAILABILITY,domains.list,2021-07-25 05:59:23.585267
www.javarchive.biz,AVAILABILITY,domains.list,2021-07-25 05:59:55.899486
www.jav-asia.com,AVAILABILITY,domains.list,2021-07-25 05:59:56.249220
www.jav-asiatengoku.com,AVAILABILITY,domains.list,2021-07-25 05:59:56.492561
www.jav-av.com,AVAILABILITY,domains.list,2021-07-25 05:59:56.784439
www.javarchivecom.ovh,AVAILABILITY,domains.list,2021-07-25 05:59:57.304491
www.jav-ayukawa.com,AVAILABILITY,domains.list,2021-07-25 05:59:57.566417
www.jav-az.com,AVAILABILITY,domains.list,2021-07-25 05:59:57.887370
www.jav-base.com,AVAILABILITY,domains.list,2021-07-25 05:59:58.139313
www.jav-bank.com,AVAILABILITY,domains.list,2021-07-25 05:59:58.421035
www.javbee.org,AVAILABILITY,domains.list,2021-07-25 05:59:58.864126
www.jav-bina.com,AVAILABILITY,domains.list,2021-07-25 05:59:59.090604
www.javbest.org,AVAILABILITY,domains.list,2021-07-25 05:59:59.474449
www.jav-blast.com,AVAILABILITY,domains.list,2021-07-25 05:59:59.757779
www.javbloghd.com,AVAILABILITY,domains.list,2021-07-25 06:00:00.136150
www.javblasthd.com,AVAILABILITY,domains.list,2021-07-25 06:00:00.354525
www.javboom.biz,AVAILABILITY,domains.list,2021-07-25 06:00:00.596810
www.javblogsite.com,AVAILABILITY,domains.list,2021-07-25 06:00:00.869668
www.jav-boom.com,AVAILABILITY,domains.list,2021-07-25 06:00:01.221098
www.jav-buzz.com,AVAILABILITY,domains.list,2021-07-25 06:00:11.888055
www.javboxdl.com,AVAILABILITY,domains.list,2021-07-25 06:00:12.589278
www.jav-cens.com,AVAILABILITY,domains.list,2021-07-25 06:00:12.843970
www.javcens.com,AVAILABILITY,domains.list,2021-07-25 06:00:13.095615
www.javcentral.net,AVAILABILITY,domains.list,2021-07-25 06:00:13.383933
www.jav-caribbeancom.com,AVAILABILITY,domains.list,2021-07-25 06:00:13.582753
www.javcoffee.com,AVAILABILITY,domains.list,2021-07-25 06:00:13.852436
www.javcold.com,AVAILABILITY,domains.list,2021-07-25 06:00:14.142449
www.jav-chiba.com,AVAILABILITY,domains.list,2021-07-25 06:00:14.447344
www.jav-chie.com,AVAILABILITY,domains.list,2021-07-25 06:00:14.685056
www.javdb.online,AVAILABILITY,domains.list,2021-07-25 06:00:14.924495
www.jav-collect.com,AVAILABILITY,domains.list,2021-07-25 06:00:15.209496
www.jav-debut.com,AVAILABILITY,domains.list,2021-07-25 06:00:15.506620
www.javdb.club,AVAILABILITY,domains.list,2021-07-25 06:00:15.764846
www.javdb.site,AVAILABILITY,domains.list,2021-07-25 06:00:16.056362
www.jav-dls.com,AVAILABILITY,domains.list,2021-07-25 06:00:16.299724
www.javdizzy.com,AVAILABILITY,domains.list,2021-07-25 06:00:16.559339
www.javdl.pro,AVAILABILITY,domains.list,2021-07-25 06:00:16.855569
www.javdlnow.com,AVAILABILITY,domains.list,2021-07-25 06:00:17.121790
www.jav-dmm.co,AVAILABILITY,domains.list,2021-07-25 06:00:17.504229
www.javdownload.pro,AVAILABILITY,domains.list,2021-07-25 06:00:17.844984
www.jav-downld.com,AVAILABILITY,domains.list,2021-07-25 06:00:18.057115
www.javdownloadhd.com,AVAILABILITY,domains.list,2021-07-25 06:00:18.267321
www.javdreamshd.com,AVAILABILITY,domains.list,2021-07-25 06:00:18.546510
www.javecstasy.com,AVAILABILITY,domains.list,2021-07-25 06:00:18.835978
www.javdusty.com,AVAILABILITY,domains.list,2021-07-25 06:00:19.107348
www.jav-ehime.com,AVAILABILITY,domains.list,2021-07-25 06:00:19.346675
www.jav-expert.com,AVAILABILITY,domains.list,2021-07-25 06:00:19.588062
www.jav-fhd.com,AVAILABILITY,domains.list,2021-07-25 06:00:19.786750
www.jav-fastest.com,AVAILABILITY,domains.list,2021-07-25 06:00:20.047169
www.jav-fever.com,AVAILABILITY,domains.list,2021-07-25 06:00:20.399004
www.jav-fhd.net,AVAILABILITY,domains.list,2021-07-25 06:00:20.713629
www.javfilm.gq,AVAILABILITY,domains.list,2021-07-25 06:00:21.934147
www.jav-files.com,AVAILABILITY,domains.list,2021-07-25 06:00:22.202539
www.javfilm.org,AVAILABILITY,domains.list,2021-07-25 06:00:24.110301
www.jav-films.com,AVAILABILITY,domains.list,2021-07-25 06:00:24.405235
www.javfilm.tv,AVAILABILITY,domains.list,2021-07-25 06:00:36.029879
www.jav-forever.com,AVAILABILITY,domains.list,2021-07-25 06:00:36.248378
www.jav-free.us,AVAILABILITY,domains.list,2021-07-25 06:00:36.451922
www.javfilmbox.com,AVAILABILITY,domains.list,2021-07-25 06:00:36.694445
www.jav-fresh.com,AVAILABILITY,domains.list,2021-07-25 06:00:36.950983
www.jav-fukui.com,AVAILABILITY,domains.list,2021-07-25 06:00:37.168476
www.jav-fukuoka.com,AVAILABILITY,domains.list,2021-07-25 06:00:37.399491
www.javfresh.org,AVAILABILITY,domains.list,2021-07-25 06:00:38.029244
www.jav-gifu.com,AVAILABILITY,domains.list,2021-07-25 06:00:39.169663
www.jav-gunma.com,AVAILABILITY,domains.list,2021-07-25 06:00:39.409857
www.jav-fukushima.com,AVAILABILITY,domains.list,2021-07-25 06:00:39.638483
www.jav-haneda.com,AVAILABILITY,domains.list,2021-07-25 06:00:39.874345
www.jav-hana.com,AVAILABILITY,domains.list,2021-07-25 06:00:40.122908
www.jav-hanaza.com,AVAILABILITY,domains.list,2021-07-25 06:00:40.373033
www.jav-haruki.com,AVAILABILITY,domains.list,2021-07-25 06:00:40.626071
www.jav-hdlink.com,AVAILABILITY,domains.list,2021-07-25 06:00:41.274728
www.javhdboom.com,AVAILABILITY,domains.list,2021-07-25 06:00:42.336408
www.jav-hd-place.com,AVAILABILITY,domains.list,2021-07-25 06:00:42.588102
www.jav-heyzo.com,AVAILABILITY,domains.list,2021-07-25 06:00:42.897896
www.javhdplace.com,AVAILABILITY,domains.list,2021-07-25 06:00:43.152889
www.jav-hina.com,AVAILABILITY,domains.list,2021-07-25 06:00:43.429886
www.jav-hiroshima.com,AVAILABILITY,domains.list,2021-07-25 06:00:43.703775
www.jav-hirose.com,AVAILABILITY,domains.list,2021-07-25 06:00:43.978577
www.jav-hitomi.com,AVAILABILITY,domains.list,2021-07-25 06:00:44.289843
www.jav-hokkaido.com,AVAILABILITY,domains.list,2021-07-25 06:00:44.534606
www.jav-ibaraki.com,AVAILABILITY,domains.list,2021-07-25 06:00:44.786389
www.javhomes.net,AVAILABILITY,domains.list,2021-07-25 06:00:45.597606
www.jav-hyogo.com,AVAILABILITY,domains.list,2021-07-25 06:00:45.867602
www.jav-honda.com,AVAILABILITY,domains.list,2021-07-25 06:00:46.205558
www.jav-imai.com,AVAILABILITY,domains.list,2021-07-25 06:00:46.534752
www.jav-impact.com,AVAILABILITY,domains.list,2021-07-25 06:00:46.835949
www.javimpact.com,AVAILABILITY,domains.list,2021-07-25 06:00:47.203687
www.jav-isshiki.com,AVAILABILITY,domains.list,2021-07-25 06:00:47.459776
www.jav-iwate.com,AVAILABILITY,domains.list,2021-07-25 06:00:47.708117
www.jav-ishikawa.com,AVAILABILITY,domains.list,2021-07-25 06:00:47.963467
www.jav-juice.com,AVAILABILITY,domains.list,2021-07-25 06:00:48.273057
www.jav-jessica.com,AVAILABILITY,domains.list,2021-07-25 06:00:48.536760
www.javjethd.com,AVAILABILITY,domains.list,2021-07-25 06:00:48.849709
www.jav-jukujo.com,AVAILABILITY,domains.list,2021-07-25 06:00:49.161704
www.javjuice.com,AVAILABILITY,domains.list,2021-07-25 06:00:49.519358
www.jav-jungle.com,AVAILABILITY,domains.list,2021-07-25 06:00:49.777190
www.jav-kaede.com,AVAILABILITY,domains.list,2021-07-25 06:00:50.070129
www.jav-junkie.com,AVAILABILITY,domains.list,2021-07-25 06:00:50.358340
www.javjungle.com,AVAILABILITY,domains.list,2021-07-25 06:00:50.687799
www.jav-kagoshima.com,AVAILABILITY,domains.list,2021-07-25 06:00:50.908666
www.jav-kagawa.com,AVAILABILITY,domains.list,2021-07-25 06:00:51.235006
www.jav-kana.com,AVAILABILITY,domains.list,2021-07-25 06:00:51.554530
www.jav-kanagawa.com,AVAILABILITY,domains.list,2021-07-25 06:00:51.850942
www.javking.org,AVAILABILITY,domains.list,2021-07-25 06:00:52.092779
www.jav-kanzaki.com,AVAILABILITY,domains.list,2021-07-25 06:00:52.381840
www.jav-kanata.com,AVAILABILITY,domains.list,2021-07-25 06:00:52.656299
www.jav-kochi.com,AVAILABILITY,domains.list,2021-07-25 06:00:52.959815
www.jav-kirara.com,AVAILABILITY,domains.list,2021-07-25 06:00:53.224754
www.javkind.com,AVAILABILITY,domains.list,2021-07-25 06:00:53.508106
www.jav-kokomi.com,AVAILABILITY,domains.list,2021-07-25 06:00:53.781362
www.jav-kumamoto.com,AVAILABILITY,domains.list,2021-07-25 06:00:53.992191
www.jav-last.com,AVAILABILITY,domains.list,2021-07-25 06:00:54.288918
www.javlast.com,AVAILABILITY,domains.list,2021-07-25 06:00:54.609557
www.jav-kyoto.com,AVAILABILITY,domains.list,2021-07-25 06:00:54.909678
www.javlibraryhd.com,AVAILABILITY,domains.list,2021-07-25 06:00:55.277834
www.javld.xyz,AVAILABILITY,domains.list,2021-07-25 06:00:55.613210
www.jav-link.com,AVAILABILITY,domains.list,2021-07-25 06:00:55.947819
www.javlink.biz,AVAILABILITY,domains.list,2021-07-25 06:00:56.252343
www.javlibraries.xyz,AVAILABILITY,domains.list,2021-07-25 06:00:56.546912
www.javlittle.com,AVAILABILITY,domains.list,2021-07-25 06:00:56.878141
www.jav-links.com,AVAILABILITY,domains.list,2021-07-25 06:00:57.148045
www.javlink.org,AVAILABILITY,domains.list,2021-07-25 06:00:57.414803
www.jav-liveshow.com,AVAILABILITY,domains.list,2021-07-25 06:00:57.733515
www.jav-ltd.com,AVAILABILITY,domains.list,2021-07-25 06:00:58.024518
www.jav-madoka.com,AVAILABILITY,domains.list,2021-07-25 06:00:58.340033
www.jav-load.com,AVAILABILITY,domains.list,2021-07-25 06:01:00.017168
www.jav-maria.com,AVAILABILITY,domains.list,2021-07-25 06:01:00.247819
www.javmasshd.com,AVAILABILITY,domains.list,2021-07-25 06:01:00.611373
www.jav-makoto.com,AVAILABILITY,domains.list,2021-07-25 06:01:00.978866
www.jav-matsuda.com,AVAILABILITY,domains.list,2021-07-25 06:01:01.324627
www.jav-mayu.com,AVAILABILITY,domains.list,2021-07-25 06:01:01.592698
www.jav-matsushima.com,AVAILABILITY,domains.list,2021-07-25 06:01:01.821817
www.jav-mass.com,AVAILABILITY,domains.list,2021-07-25 06:01:02.173421
www.jav-mie.com,AVAILABILITY,domains.list,2021-07-25 06:01:02.438033
www.jav-miku.com,AVAILABILITY,domains.list,2021-07-25 06:01:02.700811
www.jav-miho.com,AVAILABILITY,domains.list,2021-07-25 06:01:02.971359
www.jav-minami.com,AVAILABILITY,domains.list,2021-07-25 06:01:03.207485
www.jav-miyagi.com,AVAILABILITY,domains.list,2021-07-25 06:01:03.543836
www.jav-miyazaki.com,AVAILABILITY,domains.list,2021-07-25 06:01:03.846692
www.jav-momoka.com,AVAILABILITY,domains.list,2021-07-25 06:01:04.173043
www.jav-muramura.com,AVAILABILITY,domains.list,2021-07-25 06:01:04.416363
www.jav-nana.com,AVAILABILITY,domains.list,2021-07-25 06:01:04.730130
www.jav-nara.com,AVAILABILITY,domains.list,2021-07-25 06:01:05.082886
www.jav-nagano.com,AVAILABILITY,domains.list,2021-07-25 06:01:05.430071
www.jav-new.org,AVAILABILITY,domains.list,2021-07-25 06:01:05.641433
www.jav-natsu.com,AVAILABILITY,domains.list,2021-07-25 06:01:05.900400
www.jav-niigata.com,AVAILABILITY,domains.list,2021-07-25 06:01:06.222851
www.jav-okayama.com,AVAILABILITY,domains.list,2021-07-25 06:01:06.475887
www.jav-nishino.com,AVAILABILITY,domains.list,2021-07-25 06:01:06.723327
www.jav-nishizaki.com,AVAILABILITY,domains.list,2021-07-25 06:01:06.976592
www.javord.com,AVAILABILITY,domains.list,2021-07-25 06:01:07.284345
www.javolts.com,AVAILABILITY,domains.list,2021-07-25 06:01:07.614862
www.jav-on.com,AVAILABILITY,domains.list,2021-07-25 06:01:07.940056
www.jav-osaka.com,AVAILABILITY,domains.list,2021-07-25 06:01:08.218056
www.jav-pack.com,AVAILABILITY,domains.list,2021-07-25 06:01:08.528510
www.javort.com,AVAILABILITY,domains.list,2021-07-25 06:01:08.835453
www.jav-palace.com,AVAILABILITY,domains.list,2021-07-25 06:01:09.078344
www.javpalace.net,AVAILABILITY,domains.list,2021-07-25 06:01:09.371674
www.javpalace.com,AVAILABILITY,domains.list,2021-07-25 06:01:09.638512
www.jav-passion.com,AVAILABILITY,domains.list,2021-07-25 06:01:09.918255
www.jav-parade.com,AVAILABILITY,domains.list,2021-07-25 06:01:10.164143
www.jav-place.com,AVAILABILITY,domains.list,2021-07-25 06:01:10.439047
www.javpiece.com,AVAILABILITY,domains.list,2021-07-25 06:01:10.691063
www.javpophd.com,AVAILABILITY,domains.list,2021-07-25 06:01:10.954626
www.javpop-hd.com,AVAILABILITY,domains.list,2021-07-25 06:01:11.266936
www.javpop.ovh,AVAILABILITY,domains.list,2021-07-25 06:01:11.712779
www.javpopmore.com,AVAILABILITY,domains.list,2021-07-25 06:01:12.030239
www.javportal.site,AVAILABILITY,domains.list,2021-07-25 06:01:12.398535
www.jav-rar.com,AVAILABILITY,domains.list,2021-07-25 06:01:12.743914
www.jav-rape.com,AVAILABILITY,domains.list,2021-07-25 06:01:12.911079
www.javrar.org,AVAILABILITY,domains.list,2021-07-25 06:01:13.176086
www.jav-ready.com,AVAILABILITY,domains.list,2021-07-25 06:01:13.442430
www.jav-public.com,AVAILABILITY,domains.list,2021-07-25 06:01:13.714114
www.jav-resource.com,AVAILABILITY,domains.list,2021-07-25 06:01:13.999098
www.jav-release.com,AVAILABILITY,domains.list,2021-07-25 06:01:14.291669
www.jav-rena.com,AVAILABILITY,domains.list,2021-07-25 06:01:14.547858
www.jav-risa.com,AVAILABILITY,domains.list,2021-07-25 06:01:14.869868
www.jav-rina.com,AVAILABILITY,domains.list,2021-07-25 06:01:15.148039
www.jav-rio.com,AVAILABILITY,domains.list,2021-07-25 06:01:15.454927
www.javrush.org,AVAILABILITY,domains.list,2021-07-25 06:01:17.294809
www.jav-rola.com,AVAILABILITY,domains.list,2021-07-25 06:01:17.595110
www.javgreat.com,AVAILABILITY,domains.list,2021-07-25 06:01:17.933565
www.jav-saitama.com,AVAILABILITY,domains.list,2021-07-25 06:01:18.268580
www.jav-saga.com,AVAILABILITY,domains.list,2021-07-25 06:01:18.623672
www.jav-saiki.com,AVAILABILITY,domains.list,2021-07-25 06:01:18.979061
www.jav-sato.com,AVAILABILITY,domains.list,2021-07-25 06:01:19.261757
www.jav-sana.com,AVAILABILITY,domains.list,2021-07-25 06:01:19.578145
www.jav-sakika.com,AVAILABILITY,domains.list,2021-07-25 06:01:19.847051
www.jav-satomi.com,AVAILABILITY,domains.list,2021-07-25 06:01:20.134780
www.javsale.net,AVAILABILITY,domains.list,2021-07-25 06:01:20.409265
www.javsea.info,AVAILABILITY,domains.list,2021-07-25 06:01:20.687272
www.jav-serina.com,AVAILABILITY,domains.list,2021-07-25 06:01:20.990538
www.javservice.net,AVAILABILITY,domains.list,2021-07-25 06:01:21.289448
www.jav-set.com,AVAILABILITY,domains.list,2021-07-25 06:01:21.534828
www.javshare.ovh,AVAILABILITY,domains.list,2021-07-25 06:01:22.004842
www.jav-share.info,AVAILABILITY,domains.list,2021-07-25 06:01:22.244124
www.jav-share.com,AVAILABILITY,domains.list,2021-07-25 06:01:22.583366
www.jav-shiga.com,AVAILABILITY,domains.list,2021-07-25 06:01:22.853631
www.jav-shiori.com,AVAILABILITY,domains.list,2021-07-25 06:01:23.175960
www.jav-shimane.com,AVAILABILITY,domains.list,2021-07-25 06:01:23.436824
www.jav-shizuoka.com,AVAILABILITY,domains.list,2021-07-25 06:01:23.716129
www.jav-sitehd.com,AVAILABILITY,domains.list,2021-07-25 06:01:24.063903
www.javsitehd.com,AVAILABILITY,domains.list,2021-07-25 06:01:24.360654
www.jav-show.com,AVAILABILITY,domains.list,2021-07-25 06:01:24.709591
www.javsmack.gq,AVAILABILITY,domains.list,2021-07-25 06:01:29.931047
www.javsmack.com,AVAILABILITY,domains.list,2021-07-25 06:01:30.164230
www.jav-sora.com,AVAILABILITY,domains.list,2021-07-25 06:01:30.494913
www.javsold.com,AVAILABILITY,domains.list,2021-07-25 06:01:30.845779
www.jav-source.com,AVAILABILITY,domains.list,2021-07-25 06:01:31.146439
www.javstore-hd.com,AVAILABILITY,domains.list,2021-07-25 06:01:31.405580
www.jav-sugihara.com,AVAILABILITY,domains.list,2021-07-25 06:01:31.768502
www.javsunny.com,AVAILABILITY,domains.list,2021-07-25 06:01:32.034983
www.jav-suzuka.com,AVAILABILITY,domains.list,2021-07-25 06:01:32.301978
www.javstorehd.com,AVAILABILITY,domains.list,2021-07-25 06:01:32.639921
www.jav-tokyohot.com,AVAILABILITY,domains.list,2021-07-25 06:01:32.982656
www.jav-syaka.com,AVAILABILITY,domains.list,2021-07-25 06:01:33.257726
www.jav-tina.com,AVAILABILITY,domains.list,2021-07-25 06:01:33.556171
www.jav-takako.com,AVAILABILITY,domains.list,2021-07-25 06:01:33.824126
www.javtotal.site,AVAILABILITY,domains.list,2021-07-25 06:01:34.149735
www.jav-tomoka.com,AVAILABILITY,domains.list,2021-07-25 06:01:34.387923
www.javtown.club,AVAILABILITY,domains.list,2021-07-25 06:01:34.640583
www.javtotal.club,AVAILABILITY,domains.list,2021-07-25 06:01:34.895565
www.javtown.site,AVAILABILITY,domains.list,2021-07-25 06:01:35.130151
www.jav-tsuchiya.com,AVAILABILITY,domains.list,2021-07-25 06:01:35.463440
www.jav-tsubasa.com,AVAILABILITY,domains.list,2021-07-25 06:01:35.805047
www.jav-town.com,AVAILABILITY,domains.list,2021-07-25 06:01:36.069839
www.javtv.site,AVAILABILITY,domains.list,2021-07-25 06:01:36.375922
www.javunlimited.net,AVAILABILITY,domains.list,2021-07-25 06:01:36.693576
www.jav-video.org,AVAILABILITY,domains.list,2021-07-25 06:01:37.037071
www.jav-xyz.com,AVAILABILITY,domains.list,2021-07-25 06:01:37.385899
www.jav-xyz.net,AVAILABILITY,domains.list,2021-07-25 06:01:37.659114
www.jav-upload.com,AVAILABILITY,domains.list,2021-07-25 06:01:37.930157
www.javyng.com,AVAILABILITY,domains.list,2021-07-25 06:01:38.183547
www.jav-yui.com,AVAILABILITY,domains.list,2021-07-25 06:01:38.383424
www.jav-yua.com,AVAILABILITY,domains.list,2021-07-25 06:01:38.716256
www.jav-yuma.com,AVAILABILITY,domains.list,2021-07-25 06:01:39.077187
www.jav-zitomi.com,AVAILABILITY,domains.list,2021-07-25 06:01:39.351186
www.jav-zipang.net,AVAILABILITY,domains.list,2021-07-25 06:01:39.550356
www.jexix.net,AVAILABILITY,domains.list,2021-07-25 06:01:39.899205
www.jukoav.info,AVAILABILITY,domains.list,2021-07-25 06:01:40.310532
www.joshfire.org,AVAILABILITY,domains.list,2021-07-25 06:01:40.867132
www.j-jav.com,AVAILABILITY,domains.list,2021-07-25 06:01:41.183215
www.like-jav.com,AVAILABILITY,domains.list,2021-07-25 06:01:41.532467
www.load-av.com,AVAILABILITY,domains.list,2021-07-25 06:01:41.864111
www.loadjavhd.com,AVAILABILITY,domains.list,2021-07-25 06:01:42.148977
www.lotsofjav.com,AVAILABILITY,domains.list,2021-07-25 06:01:42.428487
www.maddawgjav.ovh,AVAILABILITY,domains.list,2021-07-25 06:01:42.849686
www.mkv-jav.com,AVAILABILITY,domains.list,2021-07-25 06:01:43.116092
www.massofjav.com,AVAILABILITY,domains.list,2021-07-25 06:01:43.436284
www.my-jav.club,AVAILABILITY,domains.list,2021-07-25 06:01:43.683747
www.megajav.org,AVAILABILITY,domains.list,2021-07-25 06:01:44.137458
www.netjav.biz,AVAILABILITY,domains.list,2021-07-25 06:01:44.395004
www.netjav.me,AVAILABILITY,domains.list,2021-07-25 06:01:44.765642
www.newest-jav.com,AVAILABILITY,domains.list,2021-07-25 06:01:45.029235
www.netjav.org,AVAILABILITY,domains.list,2021-07-25 06:01:45.322689
www.newsjav.gq,AVAILABILITY,domains.list,2021-07-25 06:01:50.537769
www.oecdtw.com,AVAILABILITY,domains.list,2021-07-25 06:01:50.866552
www.newsjav.org,AVAILABILITY,domains.list,2021-07-25 06:01:51.152237
www.newjav.biz,AVAILABILITY,domains.list,2021-07-25 06:01:51.445792
www.oo2go.org,AVAILABILITY,domains.list,2021-07-25 06:01:51.898852
www.pieceofjav.com,AVAILABILITY,domains.list,2021-07-25 06:01:52.178564
www.porn-4u.com,AVAILABILITY,domains.list,2021-07-25 06:01:52.492429
www.portal-jav.com,AVAILABILITY,domains.list,2021-07-25 06:01:52.847566
www.storejav.com,AVAILABILITY,domains.list,2021-07-25 06:01:53.184636
www.sdrees.biz,AVAILABILITY,domains.list,2021-07-25 06:01:53.519821
www.topjav.club,AVAILABILITY,domains.list,2021-07-25 06:01:53.848546
www.storejavhd.com,AVAILABILITY,domains.list,2021-07-25 06:01:54.192117
www.uncensoredav.com,AVAILABILITY,domains.list,2021-07-25 06:01:54.480364
www.tour2jav.info,AVAILABILITY,domains.list,2021-07-25 06:01:54.937361
www.tzjav.com,AVAILABILITY,domains.list,2021-07-25 06:01:55.206776
www.vidja.pro,AVAILABILITY,domains.list,2021-07-25 06:01:55.605637
www.up360.info,AVAILABILITY,domains.list,2021-07-25 06:01:55.938302
www.wwjav.com,AVAILABILITY,domains.list,2021-07-25 06:01:56.254438
www.yourjav.xyz,AVAILABILITY,domains.list,2021-07-25 06:01:56.617414
www.yourjav.net,AVAILABILITY,domains.list,2021-07-25 06:01:56.975643
www.fullhdjav.com,AVAILABILITY,domains.list,2021-07-25 06:01:57.227465
yourjav.net,AVAILABILITY,domains.list,2021-07-25 06:01:57.587632
www.iso48.com,AVAILABILITY,domains.list,2021-07-25 06:02:00.116100
www.jav-addict.com,AVAILABILITY,domains.list,2021-07-25 06:02:00.472216
www.jav-free.net,AVAILABILITY,domains.list,2021-07-25 06:02:00.755667
www.jav-dream.com,AVAILABILITY,domains.list,2021-07-25 06:02:01.049903
www.javfilm.tk,AVAILABILITY,domains.list,2021-07-25 06:02:01.867832
www.jav-site.com,AVAILABILITY,domains.list,2021-07-25 06:02:02.156471
javfilm.tk,AVAILABILITY,domains.list,2021-07-25 06:02:04.763021
www.javeat.com,AVAILABILITY,domains.list,2021-07-25 06:02:05.118294
www.javhdonline.net,AVAILABILITY,domains.list,2021-07-25 06:02:05.483765
2av-cloud.net,AVAILABILITY,domains.list,2021-07-25 06:02:05.835240
4k-jav.com,AVAILABILITY,domains.list,2021-07-25 06:02:06.105356
24jav.club,AVAILABILITY,domains.list,2021-07-25 06:02:06.566629
javlibraries.science,AVAILABILITY,domains.list,2021-07-25 06:02:07.530718
addict-jav.com,AVAILABILITY,domains.list,2021-07-25 06:02:07.856629
3xks.net,AVAILABILITY,domains.list,2021-07-25 06:02:08.157110
av2you.link,AVAILABILITY,domains.list,2021-07-25 06:02:08.597674
adultjavhd.com,AVAILABILITY,domains.list,2021-07-25 06:02:08.881140
adult-movie.download,AVAILABILITY,domains.list,2021-07-25 06:02:09.510480
akibajav.biz,AVAILABILITY,domains.list,2021-07-25 06:02:10.003724
avcens.com,AVAILABILITY,domains.list,2021-07-25 06:02:10.287028
av-debut.org,AVAILABILITY,domains.list,2021-07-25 06:02:14.172016
av-down.com,AVAILABILITY,domains.list,2021-07-25 06:02:14.475900
avdownload.in,AVAILABILITY,domains.list,2021-07-25 06:02:15.246089
avcens.top,AVAILABILITY,domains.list,2021-07-25 06:02:21.822568
av-hot.info,AVAILABILITY,domains.list,2021-07-25 06:02:22.204555
av-loadhd.com,AVAILABILITY,domains.list,2021-07-25 06:02:22.463864
av-lib.com,AVAILABILITY,domains.list,2021-07-25 06:02:22.734267
av-hardcore.com,AVAILABILITY,domains.list,2021-07-25 06:02:23.093614
av-mov.xyz,AVAILABILITY,domains.list,2021-07-25 06:02:23.588819
av-mania.info,AVAILABILITY,domains.list,2021-07-25 06:02:23.999018
avrar.net,AVAILABILITY,domains.list,2021-07-25 06:02:24.338366
av-star.net,AVAILABILITY,domains.list,2021-07-25 06:02:24.558223
blogjavhd.com,AVAILABILITY,domains.list,2021-07-25 06:02:24.859328
avzone.biz,AVAILABILITY,domains.list,2021-07-25 06:02:25.309886
cd4share.com,AVAILABILITY,domains.list,2021-07-25 06:02:25.590040
cdes62.org,AVAILABILITY,domains.list,2021-07-25 06:02:25.919998
boxofjav.com,AVAILABILITY,domains.list,2021-07-25 06:02:26.227781
cool-jav.com,AVAILABILITY,domains.list,2021-07-25 06:02:26.487943
comic.newsnavi.me,AVAILABILITY,domains.list,2021-07-25 06:02:26.935686
darenkiss.info,AVAILABILITY,domains.list,2021-07-25 06:02:27.311283
downloadjav.link,AVAILABILITY,domains.list,2021-07-25 06:02:27.768966
downloadjav.online,AVAILABILITY,domains.list,2021-07-25 06:02:28.394743
ematters.biz,AVAILABILITY,domains.list,2021-07-25 06:02:28.790212
extremeav.ovh,AVAILABILITY,domains.list,2021-07-25 06:02:30.420567
ejav.org,AVAILABILITY,domains.list,2021-07-25 06:02:30.837296
f-juku.com,AVAILABILITY,domains.list,2021-07-25 06:02:31.289375
freshjavhd.com,AVAILABILITY,domains.list,2021-07-25 06:02:31.570080
freejav.link,AVAILABILITY,domains.list,2021-07-25 06:02:32.113283
fullhd-jav.com,AVAILABILITY,domains.list,2021-07-25 06:02:32.465717
full-hd-jav.com,AVAILABILITY,domains.list,2021-07-25 06:02:32.801710
get-jav.com,AVAILABILITY,domains.list,2021-07-25 06:02:33.146874
gravureidol4u.com,AVAILABILITY,domains.list,2021-07-25 06:02:33.418210
hardcore-jav.com,AVAILABILITY,domains.list,2021-07-25 06:02:33.676156
great-jav.com,AVAILABILITY,domains.list,2021-07-25 06:02:34.030380
goldenjav.xyz,AVAILABILITY,domains.list,2021-07-25 06:02:34.674823
hard-jav.com,AVAILABILITY,domains.list,2021-07-25 06:02:35.013668
grutt.biz,AVAILABILITY,domains.list,2021-07-25 06:02:35.477434
heaven-jav.com,AVAILABILITY,domains.list,2021-07-25 06:02:35.723848
h-av.org,AVAILABILITY,domains.list,2021-07-25 06:02:36.205361
hdjavload.com,AVAILABILITY,domains.list,2021-07-25 06:02:36.446820
hdjavdl.com,AVAILABILITY,domains.list,2021-07-25 06:02:36.705862
hotjav.link,AVAILABILITY,domains.list,2021-07-25 06:02:37.140044
idolhot.org,AVAILABILITY,domains.list,2021-07-25 06:02:37.539325
hornyjav.net,AVAILABILITY,domains.list,2021-07-25 06:02:37.834005
japanadult.info,AVAILABILITY,domains.list,2021-07-25 06:02:38.107111
iexposure.us,AVAILABILITY,domains.list,2021-07-25 06:02:38.616268
hotjav.top,AVAILABILITY,domains.list,2021-07-25 06:02:40.508588
japandb.club,AVAILABILITY,domains.list,2021-07-25 06:02:40.909549
japan-hot.link,AVAILABILITY,domains.list,2021-07-25 06:02:41.301591
japaniv.com,AVAILABILITY,domains.list,2021-07-25 06:02:41.491803
japansun.org,AVAILABILITY,domains.list,2021-07-25 06:02:41.961659
japanesegravureidol.org,AVAILABILITY,domains.list,2021-07-25 06:02:42.391904
japdb.club,AVAILABILITY,domains.list,2021-07-25 06:02:42.971358
japdb.site,AVAILABILITY,domains.list,2021-07-25 06:02:43.535372
japlovejav.com,AVAILABILITY,domains.list,2021-07-25 06:02:43.874855
jav2jav.com,AVAILABILITY,domains.list,2021-07-25 06:02:44.151266
jav4e.com,AVAILABILITY,domains.list,2021-07-25 06:02:44.436746
jav2dl.com,AVAILABILITY,domains.list,2021-07-25 06:02:44.736670
jav4men.com,AVAILABILITY,domains.list,2021-07-25 06:02:45.112797
jav4share.ovh,AVAILABILITY,domains.list,2021-07-25 06:02:46.780073
jav4you.site,AVAILABILITY,domains.list,2021-07-25 06:02:47.341842
jav4you.org,AVAILABILITY,domains.list,2021-07-25 06:02:47.812210
jav-1000giri.com,AVAILABILITY,domains.list,2021-07-25 06:02:48.098613
jav9.org,AVAILABILITY,domains.list,2021-07-25 06:02:50.100255
j-a-v.org,AVAILABILITY,domains.list,2021-07-25 06:02:50.378632
jav-abc.com,AVAILABILITY,domains.list,2021-07-25 06:02:50.922798
jav.xxx-japan.info,AVAILABILITY,domains.list,2021-07-25 06:02:53.111273
javabundant.com,AVAILABILITY,domains.list,2021-07-25 06:02:53.439378
avdvdiso.blogspot.com,AVAILABILITY,domains.list,2021-07-25 06:02:54.295311
egaepah13.blogspot.com,AVAILABILITY,domains.list,2021-07-25 06:02:55.608531
www.jav-inc.com,AVAILABILITY,domains.list,2021-07-25 06:02:57.500994
www.javjapanese.com,AVAILABILITY,domains.list,2021-07-25 06:02:57.803613
www.jdvd4share.com,AVAILABILITY,domains.list,2021-07-25 06:02:58.136533
javaged.com,AVAILABILITY,domains.list,2021-07-25 06:02:58.407650
javakiba.org*,AVAILABILITY,domains.list,2021-07-25 06:02:58.526971
jav-aichi.com,AVAILABILITY,domains.list,2021-07-25 06:02:58.868972
jav-act.com,AVAILABILITY,domains.list,2021-07-25 06:02:59.199328
jav-akita.com,AVAILABILITY,domains.list,2021-07-25 06:02:59.477943
javangry.com,AVAILABILITY,domains.list,2021-07-25 06:02:59.730868
javages.com,AVAILABILITY,domains.list,2021-07-25 06:03:00.018683
jav-album.com,AVAILABILITY,domains.list,2021-07-25 06:03:00.256248
jav-aomori.com,AVAILABILITY,domains.list,2021-07-25 06:03:00.479392
jav-anna.com,AVAILABILITY,domains.list,2021-07-25 06:03:00.785891
javarchive.site,AVAILABILITY,domains.list,2021-07-25 06:03:01.316971
javarchivecom.ovh,AVAILABILITY,domains.list,2021-07-25 06:03:02.813545
jav-asia.com,AVAILABILITY,domains.list,2021-07-25 06:03:03.177897
jav-anri.com,AVAILABILITY,domains.list,2021-07-25 06:03:03.415885
jav-ayukawa.com,AVAILABILITY,domains.list,2021-07-25 06:03:03.732063
jav-asiatengoku.com,AVAILABILITY,domains.list,2021-07-25 06:03:04.073296
jav-bank.com,AVAILABILITY,domains.list,2021-07-25 06:03:04.377310
jav-az.com,AVAILABILITY,domains.list,2021-07-25 06:03:04.706923
jav-base.com,AVAILABILITY,domains.list,2021-07-25 06:03:05.012824
javbee.org,AVAILABILITY,domains.list,2021-07-25 06:03:05.482324
javbest.org,AVAILABILITY,domains.list,2021-07-25 06:03:12.086765
jav-bina.com,AVAILABILITY,domains.list,2021-07-25 06:03:12.341035
javbloghd.com,AVAILABILITY,domains.list,2021-07-25 06:03:12.671485
jav-blast.com,AVAILABILITY,domains.list,2021-07-25 06:03:12.918048
javblasthd.com,AVAILABILITY,domains.list,2021-07-25 06:03:13.302807
jav-boom.com,AVAILABILITY,domains.list,2021-07-25 06:03:13.607629
jav-caribbeancom.com,AVAILABILITY,domains.list,2021-07-25 06:03:13.845434
javblogsite.com,AVAILABILITY,domains.list,2021-07-25 06:03:14.092951
javboom.biz,AVAILABILITY,domains.list,2021-07-25 06:03:14.542439
javboxdl.com,AVAILABILITY,domains.list,2021-07-25 06:03:14.802414
javcens.com,AVAILABILITY,domains.list,2021-07-25 06:03:15.177553
jav-cens.com,AVAILABILITY,domains.list,2021-07-25 06:03:15.511118
jav-chiba.com,AVAILABILITY,domains.list,2021-07-25 06:03:15.852950
javcentral.net,AVAILABILITY,domains.list,2021-07-25 06:03:16.112937
jav-collect.com,AVAILABILITY,domains.list,2021-07-25 06:03:16.438095
javcoffee.com,AVAILABILITY,domains.list,2021-07-25 06:03:16.714256
jav-chie.com,AVAILABILITY,domains.list,2021-07-25 06:03:17.043560
javcold.com,AVAILABILITY,domains.list,2021-07-25 06:03:17.310781
jav-debut.com,AVAILABILITY,domains.list,2021-07-25 06:03:17.678881
javdb.site,AVAILABILITY,domains.list,2021-07-25 06:03:18.166247
javdizzy.com,AVAILABILITY,domains.list,2021-07-25 06:03:18.465854
